"time","pred_P1","pred_P2","pred_P3","pred_P4"
"0","0","0","0","0"
"1","0","0","0","0"
"2","0","0","0","0"
"3","0","0","0","0"
"4","0","0","0","0"
"5","0","0","0","0"
"6","0","0","0","0"
"7","0","0","0","0"
"8","0","0","0","0"
"9","0","0","0","0"
"10","0","0","0","0"
"11","0","0","1","0"
"12","0","1","1","0"
"13","0","1","1","1"
"14","0","1","1","1"
"15","0","1","1","1"
"16","0","1","1","1"
"17","0","1","1","1"
"18","0","1","1","1"
"19","0","1","1","1"
"20","0","1","0","0"
"21","0","1","0","0"
"22","0","1","0","0"
"23","0","1","0","0"
"24","0","1","0","0"
"25","0","1","0","0"
"26","0","1","0","0"
"27","0","0","0","0"
"28","0","0","0","0"
"29","0","0","0","0"
"30","0","0","1","0"
"31","0","0","1","0"
"32","0","1","1","0"
"33","0","1","1","1"
"34","0","1","1","1"
"35","0","1","1","1"
"36","0","1","1","1"
"37","0","1","1","1"
"38","0","1","1","1"
"39","0","1","1","1"
"40","0","1","0","0"
"41","0","1","0","0"
"42","0","1","0","0"
"43","0","1","0","0"
"44","0","1","0","0"
"45","0","1","0","0"
"46","0","1","0","0"
"47","0","1","0","0"
"48","1","1","0","0"
"49","1","1","0","0"
"50","1","1","0","0"
"51","1","1","1","0"
"52","1","1","1","0"
"53","1","1","1","1"
"54","1","1","1","1"
"55","1","1","1","1"
"56","1","1","1","1"
"57","1","1","1","1"
"58","1","1","1","1"
"59","1","1","1","1"
"60","1","1","0","0"
"61","1","1","0","0"
"62","1","1","0","0"
"63","1","1","0","0"
"64","1","1","0","0"
"65","1","1","0","0"
"66","1","1","0","0"
"67","1","1","0","0"
"68","1","1","0","0"
"69","1","1","0","0"
"70","1","1","0","0"
"71","1","1","1","0"
"72","1","1","1","0"
"73","1","1","1","1"
"74","1","1","1","1"
"75","1","1","1","1"
"76","1","1","1","1"
"77","1","1","1","1"
"78","1","1","1","1"
"79","1","1","1","1"
"80","1","1","0","0"
"81","1","1","0","0"
"82","1","1","0","0"
"83","1","1","0","0"
"84","1","1","0","0"
"85","1","1","0","0"
"86","1","1","0","0"
"87","1","1","0","0"
"88","1","1","0","0"
"89","0","0","0","0"
"90","0","0","0","0"
"91","0","0","1","0"
"92","0","0","1","0"
"93","0","1","1","1"
"94","0","1","1","1"
"95","0","1","1","1"
"96","0","1","1","1"
"97","0","1","1","1"
"98","0","1","1","1"
"99","0","1","1","1"
"100","0","1","0","0"
"101","0","1","0","0"
"102","0","1","0","0"
"103","0","1","0","0"
"104","0","1","0","0"
"105","0","1","0","0"
"106","0","1","0","0"
"107","0","1","0","0"
"108","0","1","0","0"
"109","0","1","0","0"
"110","0","1","0","0"
"111","0","1","1","0"
"112","0","1","1","0"
"113","0","1","1","1"
"114","0","1","1","1"
"115","0","1","1","1"
"116","0","1","1","1"
"117","0","1","1","1"
"118","0","1","1","1"
"119","0","1","1","1"
"120","1","1","0","0"
"121","1","1","0","0"
"122","0","0","0","0"
"123","0","0","0","0"
"124","0","0","0","0"
"125","0","0","0","0"
"126","0","0","0","0"
"127","0","0","0","0"
"128","0","0","0","0"
"129","0","0","0","0"
"130","0","0","0","0"
"131","0","0","1","0"
"132","0","1","1","0"
"133","0","1","1","1"
"134","0","1","1","1"
"135","0","1","1","1"
"136","0","1","1","1"
"137","0","1","1","1"
"138","0","1","1","1"
"139","0","1","1","1"
"140","0","1","0","0"
"141","0","1","0","0"
"142","0","1","0","0"
"143","1","1","0","0"
"144","1","1","0","0"
"145","1","1","0","0"
"146","0","0","0","0"
"147","0","0","0","0"
"148","0","0","0","0"
"149","0","0","0","0"
"150","0","0","0","0"
"151","0","0","1","0"
"152","0","1","1","0"
"153","0","1","1","1"
"154","0","1","1","1"
"155","0","1","1","1"
"156","0","1","1","1"
"157","0","1","1","1"
"158","0","1","1","1"
"159","0","1","1","1"
"160","0","1","0","0"
"161","0","1","0","0"
"162","0","1","0","0"
"163","0","0","0","0"
"164","0","0","0","0"
"165","0","0","0","0"
"166","0","0","0","0"
"167","0","0","0","0"
"168","0","0","0","0"
"169","0","0","0","0"
"170","0","0","0","0"
"171","0","0","1","0"
"172","0","1","1","0"
"173","0","1","1","1"
"174","0","1","1","1"
"175","0","1","1","1"
"176","0","1","1","1"
"177","0","1","1","1"
"178","0","1","1","1"
"179","0","1","1","1"
"180","0","1","0","0"
"181","0","0","0","0"
"182","0","0","0","0"
"183","0","0","0","0"
"184","0","0","0","0"
"185","0","0","0","0"
"186","0","0","0","0"
"187","0","0","0","0"
"188","0","0","0","0"
"189","0","0","0","0"
"190","0","0","1","0"
"191","0","0","1","0"
"192","0","1","1","0"
"193","0","1","1","1"
"194","0","1","1","1"
"195","0","1","1","1"
"196","0","1","1","1"
"197","0","1","1","1"
"198","0","1","1","1"
"199","0","1","1","1"
"200","0","1","0","0"
"201","0","1","0","0"
"202","0","0","0","0"
"203","0","0","0","0"
"204","0","0","0","0"
"205","0","0","0","0"
"206","0","0","0","0"
"207","0","0","0","0"
"208","0","0","0","0"
"209","0","0","0","0"
"210","0","0","0","0"
"211","0","0","1","0"
"212","0","1","1","0"
"213","0","1","1","1"
"214","0","1","1","1"
"215","0","1","1","1"
"216","0","1","1","1"
"217","0","1","1","1"
"218","0","1","1","1"
"219","0","1","1","1"
"220","0","1","0","0"
"221","0","1","0","0"
"222","0","1","0","0"
"223","1","1","0","0"
"224","1","1","0","0"
"225","1","1","0","0"
"226","1","1","0","0"
"227","1","1","0","0"
"228","1","1","0","0"
"229","1","1","0","0"
"230","1","1","0","0"
"231","1","1","1","0"
"232","1","1","1","0"
"233","1","1","1","1"
"234","1","1","1","1"
"235","1","1","1","1"
"236","1","1","1","1"
"237","1","1","1","1"
"238","1","1","1","1"
"239","1","1","1","1"
"240","1","1","0","0"
"241","1","1","0","0"
"242","1","1","0","0"
"243","1","1","0","0"
"244","0","0","0","0"
"245","0","0","0","0"
"246","0","0","0","0"
"247","0","0","0","0"
"248","0","0","0","0"
"249","0","0","0","0"
"250","0","0","0","0"
"251","0","0","1","0"
"252","0","1","1","0"
"253","0","1","1","1"
"254","0","1","1","1"
"255","0","1","1","1"
"256","0","1","1","1"
"257","0","1","1","1"
"258","0","1","1","1"
"259","0","1","1","1"
"260","0","1","0","0"
"261","0","1","0","0"
"262","0","1","0","0"
"263","0","1","0","0"
"264","0","1","0","0"
"265","1","1","0","0"
"266","1","1","0","0"
"267","1","1","0","0"
"268","0","0","0","0"
"269","0","0","0","0"
"270","0","0","1","0"
"271","0","0","1","0"
"272","0","1","1","0"
"273","0","1","1","1"
"274","0","1","1","1"
"275","0","1","1","1"
"276","0","1","1","1"
"277","0","1","1","1"
"278","0","1","1","1"
"279","0","1","1","1"
"280","0","1","0","0"
"281","0","1","0","0"
"282","0","1","0","0"
"283","0","1","0","0"
"284","0","1","0","0"
"285","0","1","0","0"
"286","0","1","0","0"
"287","0","0","0","0"
"288","0","0","0","0"
"289","0","0","0","0"
"290","0","0","1","0"
"291","0","0","1","0"
"292","0","1","1","0"
"293","0","1","1","1"
"294","0","1","1","1"
"295","0","1","1","1"
"296","0","1","1","1"
"297","0","1","1","1"
"298","0","1","1","1"
"299","0","1","1","1"
"300","0","1","0","0"
"301","0","1","0","0"
"302","0","0","0","1"
"303","0","0","0","0"
"304","0","0","0","0"
"305","0","0","0","0"
"306","0","0","0","0"
"307","0","0","0","0"
"308","0","0","0","0"
"309","0","0","0","0"
"310","0","0","0","0"
"311","0","0","1","0"
"312","0","0","1","0"
"313","0","1","1","1"
"314","0","1","1","1"
"315","0","1","1","1"
"316","0","1","1","1"
"317","0","1","1","1"
"318","0","1","1","1"
"319","0","1","1","1"
"320","0","1","0","0"
"321","0","1","0","0"
"322","0","1","0","0"
"323","0","1","0","0"
"324","0","1","0","0"
"325","0","1","0","0"
"326","0","1","0","0"
"327","0","1","0","0"
"328","0","0","0","0"
"329","0","0","0","0"
"330","0","0","0","0"
"331","0","0","1","0"
"332","0","1","1","0"
"333","0","1","1","1"
"334","0","1","1","1"
"335","0","1","1","1"
"336","0","1","1","1"
"337","0","1","1","1"
"338","0","1","1","1"
"339","0","1","1","1"
"340","0","0","0","0"
"341","0","0","0","0"
"342","0","0","0","0"
"343","0","0","0","0"
"344","0","0","0","0"
"345","0","0","0","0"
"346","0","0","0","0"
"347","0","0","0","0"
"348","0","0","0","0"
"349","0","0","0","0"
"350","0","0","0","0"
"351","0","0","1","0"
"352","0","1","1","0"
"353","0","1","1","1"
"354","0","1","1","1"
"355","0","1","1","1"
"356","0","1","1","1"
"357","0","1","1","1"
"358","0","1","1","1"
"359","0","1","1","1"
"360","0","1","0","0"
"361","0","1","0","0"
"362","0","1","0","0"
"363","0","0","0","0"
"364","0","0","0","0"
"365","0","0","0","0"
"366","0","0","0","0"
"367","0","0","0","0"
"368","0","0","0","0"
"369","0","0","0","0"
"370","0","0","0","0"
"371","0","0","1","0"
"372","0","1","1","0"
"373","0","1","1","1"
"374","0","1","1","1"
"375","0","1","1","1"
"376","0","1","1","1"
"377","0","1","1","1"
"378","0","1","1","1"
"379","0","1","1","1"
"380","0","1","0","0"
"381","0","1","0","0"
"382","0","0","0","0"
"383","0","0","0","0"
"384","0","0","0","0"
"385","0","0","0","0"
"386","0","0","0","0"
"387","0","0","0","0"
"388","0","0","0","0"
"389","0","0","0","0"
"390","0","0","0","0"
"391","0","0","1","0"
"392","0","1","1","0"
"393","0","1","1","1"
"394","0","1","1","1"
"395","0","1","1","1"
"396","0","1","1","1"
"397","0","1","1","1"
"398","0","1","1","1"
"399","0","1","1","1"
"400","0","1","0","0"
"401","0","1","0","0"
"402","0","1","0","0"
"403","1","1","0","0"
"404","1","1","0","0"
"405","1","1","0","0"
"406","0","0","0","0"
"407","0","0","0","0"
"408","0","0","0","0"
"409","0","0","0","0"
"410","0","0","1","0"
"411","0","0","1","0"
"412","0","1","1","0"
"413","0","1","1","1"
"414","0","1","1","1"
"415","0","1","1","1"
"416","0","1","1","1"
"417","0","1","1","1"
"418","0","1","1","1"
"419","0","1","1","1"
"420","0","1","0","0"
"421","0","1","0","0"
"422","0","0","0","0"
"423","0","0","0","0"
"424","0","0","0","0"
"425","0","0","0","0"
"426","0","0","0","0"
"427","0","0","0","0"
"428","0","0","0","0"
"429","0","0","0","0"
"430","0","0","0","0"
"431","0","0","1","0"
"432","0","1","1","0"
"433","0","1","1","1"
"434","0","1","1","1"
"435","0","1","1","1"
"436","0","1","1","1"
"437","0","1","1","1"
"438","0","1","1","1"
"439","0","1","1","1"
"440","0","1","0","0"
"441","0","1","0","0"
"442","0","1","0","0"
"443","1","1","0","0"
"444","0","0","0","1"
"445","0","0","0","0"
"446","0","0","0","0"
"447","0","0","0","0"
"448","0","0","0","0"
"449","0","0","0","0"
"450","0","0","0","0"
"451","0","0","1","0"
"452","0","1","1","0"
"453","0","1","1","1"
"454","0","1","1","1"
"455","0","1","1","1"
"456","0","1","1","1"
"457","0","1","1","1"
"458","0","1","1","1"
"459","0","1","1","1"
"460","0","1","0","0"
"461","0","1","0","0"
"462","0","1","0","0"
"463","0","1","0","0"
"464","0","1","0","0"
"465","1","1","0","0"
"466","1","1","0","0"
"467","1","1","0","0"
"468","1","1","0","0"
"469","1","1","0","0"
"470","1","1","0","0"
"471","1","1","1","0"
"472","1","1","1","0"
"473","1","1","1","1"
"474","1","1","1","1"
"475","1","1","1","1"
"476","1","1","1","1"
"477","1","1","1","1"
"478","1","1","1","1"
"479","1","1","1","1"
"480","1","1","0","0"
"481","1","1","0","0"
"482","1","1","0","0"
"483","1","1","0","0"
"484","1","1","0","0"
"485","1","1","0","0"
"486","1","1","0","0"
"487","1","1","0","0"
"488","1","1","0","0"
"489","1","1","0","0"
"490","1","1","0","0"
"491","1","1","1","0"
"492","1","1","1","0"
"493","1","1","1","1"
"494","1","1","1","1"
"495","1","1","1","1"
"496","1","1","1","1"
"497","1","1","1","1"
"498","1","1","1","1"
"499","1","1","1","1"
"500","1","1","0","0"
"501","1","1","0","0"
"502","1","1","0","0"
"503","1","1","0","0"
"504","1","1","0","0"
"505","1","1","0","0"
"506","1","1","0","0"
"507","1","1","0","0"
"508","1","1","0","0"
"509","0","0","0","0"
"510","0","0","0","0"
"511","0","0","1","0"
"512","0","0","1","0"
"513","0","1","1","1"
"514","0","1","1","1"
"515","0","1","1","1"
"516","0","1","1","1"
"517","0","1","1","1"
"518","0","1","1","1"
"519","0","1","1","1"
"520","0","1","0","0"
"521","0","1","0","0"
"522","0","1","0","0"
"523","0","0","0","0"
"524","0","0","0","0"
"525","0","0","0","0"
"526","0","0","0","0"
"527","0","0","0","0"
"528","0","0","0","0"
"529","0","0","0","0"
"530","0","0","0","0"
"531","0","0","1","0"
"532","0","1","1","0"
"533","0","1","1","1"
"534","0","1","1","1"
"535","0","1","1","1"
"536","0","1","1","1"
"537","0","1","1","1"
"538","0","1","1","1"
"539","0","1","1","1"
"540","0","1","0","0"
"541","0","1","0","0"
"542","0","1","0","0"
"543","0","1","0","0"
"544","1","1","0","0"
"545","1","1","0","0"
"546","1","1","0","0"
"547","1","1","0","0"
"548","1","1","0","0"
"549","1","1","0","0"
"550","1","1","0","0"
"551","1","1","1","0"
"552","1","1","1","0"
"553","1","1","1","1"
"554","1","1","1","1"
"555","1","1","1","1"
"556","1","1","1","1"
"557","1","1","1","1"
"558","1","1","1","1"
"559","1","1","1","1"
"560","1","1","0","0"
"561","1","1","0","0"
"562","1","1","0","0"
"563","0","0","0","0"
"564","0","0","0","0"
"565","0","0","0","0"
"566","0","0","0","0"
"567","0","0","0","0"
"568","0","0","0","0"
"569","0","0","0","0"
"570","0","0","0","0"
"571","0","0","1","0"
"572","0","1","1","0"
"573","0","1","1","1"
"574","0","1","1","1"
"575","0","1","1","1"
"576","0","1","1","1"
"577","0","1","1","1"
"578","0","1","1","1"
"579","0","1","1","1"
"580","0","1","0","0"
"581","0","1","0","0"
"582","0","1","0","0"
"583","0","1","0","0"
"584","1","1","0","0"
"585","1","1","0","0"
"586","1","1","0","0"
"587","1","1","0","0"
"588","1","1","0","0"
"589","1","1","0","0"
"590","1","1","0","0"
"591","1","1","1","0"
"592","1","1","1","0"
"593","1","1","1","1"
"594","1","1","1","1"
"595","1","1","1","1"
"596","1","1","1","1"
"597","1","1","1","1"
"598","1","1","1","1"
"599","1","1","1","1"
"600","1","1","0","0"
"601","1","1","0","0"
"602","1","1","0","0"
"603","1","1","0","0"
"604","1","1","0","0"
"605","1","1","0","0"
"606","1","1","0","0"
"607","1","1","0","0"
"608","1","1","0","0"
"609","1","1","0","0"
"610","1","1","0","0"
"611","1","1","1","0"
"612","1","1","1","0"
"613","1","1","1","1"
"614","1","1","1","1"
"615","1","1","1","1"
"616","1","1","1","1"
"617","1","1","1","1"
"618","1","1","1","1"
"619","1","1","1","1"
"620","1","1","0","0"
"621","1","1","0","0"
"622","1","1","0","0"
"623","1","1","0","0"
"624","1","1","0","0"
"625","1","1","0","0"
"626","1","1","0","0"
"627","1","1","0","0"
"628","1","1","0","0"
"629","1","1","0","0"
"630","1","1","0","0"
"631","1","1","1","0"
"632","1","1","1","0"
"633","1","1","1","1"
"634","1","1","1","1"
"635","1","1","1","1"
"636","1","1","1","1"
"637","1","1","1","1"
"638","1","1","1","1"
"639","1","1","1","1"
"640","1","1","0","0"
"641","1","1","0","0"
"642","1","1","0","0"
"643","1","1","0","0"
"644","1","1","0","0"
"645","1","1","0","0"
"646","0","0","0","0"
"647","0","0","0","0"
"648","0","0","0","0"
"649","0","0","0","0"
"650","0","0","0","0"
"651","0","0","1","0"
"652","0","1","1","0"
"653","0","1","1","1"
"654","0","1","1","1"
"655","0","1","1","1"
"656","0","1","1","1"
"657","0","1","1","1"
"658","0","1","1","1"
"659","0","1","1","1"
"660","0","1","0","0"
"661","0","1","0","0"
"662","0","1","0","0"
"663","0","1","0","0"
"664","0","1","0","0"
"665","0","1","0","0"
"666","0","1","0","0"
"667","1","1","0","0"
"668","1","1","0","0"
"669","1","1","0","0"
"670","1","1","0","0"
"671","1","1","1","0"
"672","1","1","1","0"
"673","1","1","1","1"
"674","1","1","1","1"
"675","1","1","1","1"
"676","1","1","1","1"
"677","1","1","1","1"
"678","1","1","1","1"
"679","1","1","1","1"
"680","1","1","0","0"
"681","1","1","0","0"
"682","1","1","0","0"
"683","1","1","0","0"
"684","1","1","0","0"
"685","0","0","0","0"
"686","0","0","0","0"
"687","0","0","0","0"
"688","0","0","0","0"
"689","0","0","0","0"
"690","0","0","1","0"
"691","0","0","1","0"
"692","0","1","1","0"
"693","0","1","1","1"
"694","0","1","1","1"
"695","0","1","1","1"
"696","0","1","1","1"
"697","0","1","1","1"
"698","0","1","1","1"
"699","0","1","1","1"
"700","0","1","0","0"
"701","0","1","0","0"
"702","0","1","0","0"
"703","0","1","0","0"
"704","0","1","0","0"
"705","0","0","0","0"
"706","0","0","0","0"
"707","0","0","0","0"
"708","0","0","0","0"
"709","0","0","0","0"
"710","0","0","0","0"
"711","0","0","1","0"
"712","0","1","1","0"
"713","0","1","1","1"
"714","0","1","1","1"
"715","0","1","1","1"
"716","0","1","1","1"
"717","0","1","1","1"
"718","0","1","1","1"
"719","0","1","1","1"
"720","0","1","0","0"
"721","0","1","0","0"
"722","0","1","0","0"
"723","0","1","0","0"
"724","0","0","0","0"
"725","0","0","0","0"
"726","0","0","0","0"
"727","0","0","0","0"
"728","0","0","0","0"
"729","0","0","0","0"
"730","0","0","0","0"
"731","0","0","1","0"
"732","0","1","1","0"
"733","0","1","1","1"
"734","0","1","1","1"
"735","0","1","1","1"
"736","0","1","1","1"
"737","0","1","1","1"
"738","0","1","1","1"
"739","0","1","1","1"
"740","0","1","0","0"
"741","0","1","0","0"
"742","0","1","0","0"
"743","0","1","0","0"
"744","0","1","0","0"
"745","0","0","0","0"
"746","0","0","0","0"
"747","0","0","0","0"
"748","0","0","0","0"
"749","0","0","0","0"
"750","0","0","1","0"
"751","0","0","1","0"
"752","0","1","1","0"
"753","0","1","1","1"
"754","0","1","1","1"
"755","0","1","1","1"
"756","0","1","1","1"
"757","0","1","1","1"
"758","0","1","1","1"
"759","0","1","1","1"
"760","0","1","0","0"
"761","0","1","0","0"
"762","0","1","0","0"
"763","0","1","0","0"
"764","0","1","0","0"
"765","0","1","0","0"
"766","0","0","0","0"
"767","0","0","0","0"
"768","0","0","0","0"
"769","0","0","0","0"
"770","0","0","0","0"
"771","0","0","1","0"
"772","0","1","1","0"
"773","0","1","1","1"
"774","0","1","1","1"
"775","0","1","1","1"
"776","0","1","1","1"
"777","0","1","1","1"
"778","0","1","1","1"
"779","0","1","1","1"
"780","0","1","0","0"
"781","0","1","0","0"
"782","0","1","0","0"
"783","0","0","0","0"
"784","0","0","0","0"
"785","0","0","0","0"
"786","0","0","0","0"
"787","0","0","0","0"
"788","0","0","0","0"
"789","0","0","0","0"
"790","0","0","0","0"
"791","0","0","1","0"
"792","0","1","1","0"
"793","0","1","1","1"
"794","0","1","1","1"
"795","0","1","1","1"
"796","0","1","1","1"
"797","0","1","1","1"
"798","0","1","1","1"
"799","0","1","1","1"
"800","0","1","0","0"
"801","0","1","0","0"
"802","0","1","0","0"
"803","0","1","0","0"
"804","1","1","0","0"
"805","1","1","0","0"
"806","1","1","0","0"
"807","1","1","0","0"
"808","1","1","0","0"
"809","1","1","0","0"
"810","1","1","0","0"
"811","1","1","1","0"
"812","1","1","1","0"
"813","1","1","1","1"
"814","1","1","1","1"
"815","1","1","1","1"
"816","1","1","1","1"
"817","1","1","1","1"
"818","1","1","1","1"
"819","1","1","1","1"
"820","1","1","0","0"
"821","1","1","0","0"
"822","1","1","0","0"
"823","1","1","0","0"
"824","1","1","0","0"
"825","1","1","0","0"
"826","1","1","0","0"
"827","0","0","0","0"
"828","0","0","0","0"
"829","0","0","0","0"
"830","0","0","0","0"
"831","0","1","1","0"
"832","0","1","1","0"
"833","0","1","1","1"
"834","0","1","1","1"
"835","0","1","1","1"
"836","0","1","1","1"
"837","0","1","1","1"
"838","0","1","1","1"
"839","0","1","1","1"
"840","0","1","0","0"
"841","0","1","0","0"
"842","0","1","0","0"
"843","0","1","0","0"
"844","0","1","0","0"
"845","0","0","0","0"
"846","0","0","0","0"
"847","0","0","0","0"
"848","0","0","0","0"
"849","0","0","0","0"
"850","0","0","0","0"
"851","0","0","1","0"
"852","0","1","1","0"
"853","0","1","1","1"
"854","0","1","1","1"
"855","0","1","1","1"
"856","0","1","1","1"
"857","0","1","1","1"
"858","0","1","1","1"
"859","0","1","1","1"
"860","0","1","0","0"
"861","0","1","0","0"
"862","0","1","0","0"
"863","0","1","0","0"
"864","0","1","0","0"
"865","0","1","0","0"
"866","1","1","0","0"
"867","1","1","0","0"
"868","1","1","0","0"
"869","0","0","0","0"
"870","0","0","0","0"
"871","0","0","1","0"
"872","0","0","1","0"
"873","0","1","1","1"
"874","0","1","1","1"
"875","0","1","1","1"
"876","0","1","1","1"
"877","0","1","1","1"
"878","0","1","1","1"
"879","0","1","1","1"
"880","0","0","0","0"
"881","0","0","0","0"
"882","0","0","0","0"
"883","0","0","0","0"
"884","0","0","0","0"
"885","0","0","0","0"
"886","0","0","0","0"
"887","0","0","0","0"
"888","0","0","0","0"
"889","0","0","0","0"
"890","0","0","0","0"
"891","0","1","1","0"
"892","0","1","1","0"
"893","0","1","1","1"
"894","0","1","1","1"
"895","0","1","1","1"
"896","0","1","1","1"
"897","0","1","1","1"
"898","0","1","1","1"
"899","0","1","1","1"
"900","0","1","0","0"
"901","1","1","0","0"
"902","1","1","0","0"
"903","1","1","0","0"
"904","0","0","0","0"
"905","0","0","0","0"
"906","0","0","0","0"
"907","0","0","0","0"
"908","0","0","0","0"
"909","0","0","0","0"
"910","0","0","0","0"
"911","0","0","1","0"
"912","0","1","1","0"
"913","0","1","1","1"
"914","0","1","1","1"
"915","0","1","1","1"
"916","0","1","1","1"
"917","0","1","1","1"
"918","0","1","1","1"
"919","0","1","1","1"
"920","0","1","0","0"
"921","0","1","0","0"
"922","0","1","0","0"
"923","0","1","0","0"
"924","0","1","0","0"
"925","1","1","0","0"
"926","1","1","0","0"
"927","1","1","0","0"
"928","1","1","0","0"
"929","1","1","0","0"
"930","1","1","0","0"
"931","1","1","1","0"
"932","1","1","1","0"
"933","1","1","1","1"
"934","1","1","1","1"
"935","1","1","1","1"
"936","1","1","1","1"
"937","1","1","1","1"
"938","1","1","1","1"
"939","1","1","1","1"
"940","1","1","0","0"
"941","1","1","0","0"
"942","1","1","0","0"
"943","0","0","0","0"
"944","0","0","0","0"
"945","0","0","0","0"
"946","0","0","0","0"
"947","0","0","0","0"
"948","0","0","0","0"
"949","0","0","0","0"
"950","0","0","0","0"
"951","0","0","1","0"
"952","0","1","1","0"
"953","0","1","1","1"
"954","0","1","1","1"
"955","0","1","1","1"
"956","0","1","1","1"
"957","0","1","1","1"
"958","0","1","1","1"
"959","0","1","1","1"
"960","0","1","0","0"
"961","0","1","0","0"
"962","0","1","0","0"
"963","0","1","0","0"
"964","1","1","0","0"
"965","1","1","0","0"
"966","1","1","0","0"
"967","1","1","0","0"
"968","1","1","0","0"
"969","1","1","0","0"
"970","1","1","0","0"
"971","1","1","1","0"
"972","1","1","1","0"
"973","1","1","1","1"
"974","1","1","1","1"
"975","1","1","1","1"
"976","1","1","1","1"
"977","1","1","1","1"
"978","1","1","1","1"
"979","1","1","1","1"
"980","1","1","0","0"
"981","1","1","0","0"
"982","1","1","0","0"
"983","1","1","0","0"
"984","0","0","0","0"
"985","0","0","0","0"
"986","0","0","0","0"
"987","0","0","0","0"
"988","0","0","0","0"
"989","0","0","0","0"
"990","0","0","0","0"
"991","0","0","1","0"
"992","0","1","1","0"
"993","0","1","1","1"
"994","0","1","1","1"
"995","0","1","1","1"
"996","0","1","1","1"
"997","0","1","1","1"
"998","0","1","1","1"
"999","0","1","1","1"
"1000","0","1","0","0"
"1001","0","1","0","0"
"1002","0","0","0","0"
"1003","0","0","0","0"
"1004","0","0","0","0"
"1005","0","0","0","0"
"1006","0","0","0","0"
"1007","0","0","0","0"
"1008","0","0","0","0"
"1009","0","0","0","0"
"1010","0","0","0","0"
"1011","0","0","1","0"
"1012","0","1","1","0"
"1013","0","1","1","1"
"1014","0","1","1","1"
"1015","0","1","1","1"
"1016","0","1","1","1"
"1017","0","1","1","1"
"1018","0","1","1","1"
"1019","0","1","1","1"
"1020","0","1","0","0"
"1021","0","1","0","0"
"1022","0","1","0","0"
"1023","1","1","0","0"
"1024","1","1","0","0"
"1025","1","1","0","0"
"1026","1","1","0","0"
"1027","0","0","0","0"
"1028","0","0","0","0"
"1029","0","0","0","0"
"1030","0","0","1","0"
"1031","0","0","1","0"
"1032","0","1","1","0"
"1033","0","1","1","1"
"1034","0","1","1","1"
"1035","0","1","1","1"
"1036","0","1","1","1"
"1037","0","1","1","1"
"1038","0","1","1","1"
"1039","0","1","1","1"
"1040","0","1","0","0"
"1041","0","1","0","0"
"1042","0","0","0","0"
"1043","0","0","0","0"
"1044","0","0","0","0"
"1045","0","0","0","0"
"1046","0","0","0","0"
"1047","0","0","0","0"
"1048","0","0","0","0"
"1049","0","0","0","0"
"1050","0","0","0","0"
"1051","0","0","1","0"
"1052","0","1","1","0"
"1053","0","1","1","1"
"1054","0","1","1","1"
"1055","0","1","1","1"
"1056","0","1","1","1"
"1057","0","1","1","1"
"1058","0","1","1","1"
"1059","0","1","1","1"
"1060","0","1","0","0"
"1061","0","1","0","0"
"1062","0","1","0","0"
"1063","0","0","0","0"
"1064","0","0","0","0"
"1065","0","0","0","0"
"1066","0","0","0","0"
"1067","0","0","0","0"
"1068","0","0","0","0"
"1069","0","0","0","0"
"1070","0","0","0","0"
"1071","0","0","1","0"
"1072","0","1","1","0"
"1073","0","1","1","1"
"1074","0","1","1","1"
"1075","0","1","1","1"
"1076","0","1","1","1"
"1077","0","1","1","1"
"1078","0","1","1","1"
"1079","0","1","1","1"
"1080","0","1","0","0"
"1081","0","1","0","0"
"1082","0","1","0","0"
"1083","0","1","0","0"
"1084","1","1","0","0"
"1085","1","1","0","0"
"1086","1","1","0","0"
"1087","1","1","0","0"
"1088","1","1","0","0"
"1089","1","1","0","0"
"1090","1","1","0","0"
"1091","1","1","1","0"
"1092","1","1","1","0"
"1093","1","1","1","1"
"1094","1","1","1","1"
"1095","1","1","1","1"
"1096","1","1","1","1"
"1097","1","1","1","1"
"1098","1","1","1","1"
"1099","1","1","1","1"
"1100","1","1","0","0"
"1101","1","1","0","0"
"1102","1","1","0","0"
"1103","1","1","0","0"
"1104","0","0","0","0"
"1105","0","0","0","0"
"1106","0","0","0","0"
"1107","0","0","0","0"
"1108","0","0","0","0"
"1109","0","0","0","0"
"1110","0","0","0","0"
"1111","0","0","1","0"
"1112","0","1","1","0"
"1113","0","1","1","1"
"1114","0","1","1","1"
"1115","0","1","1","1"
"1116","0","1","1","1"
"1117","0","1","1","1"
"1118","0","1","1","1"
"1119","0","1","1","1"
"1120","0","1","0","0"
"1121","0","1","0","0"
"1122","0","1","0","0"
"1123","0","1","0","0"
"1124","0","1","0","0"
"1125","1","1","0","0"
"1126","1","1","0","0"
"1127","0","0","0","0"
"1128","0","0","0","0"
"1129","0","0","0","0"
"1130","0","0","1","0"
"1131","0","0","1","0"
"1132","0","1","1","0"
"1133","0","1","1","1"
"1134","0","1","1","1"
"1135","0","1","1","1"
"1136","0","1","1","1"
"1137","0","1","1","1"
"1138","0","1","1","1"
"1139","0","1","1","1"
"1140","0","1","0","0"
"1141","0","1","0","0"
"1142","0","1","0","0"
"1143","0","1","0","0"
"1144","0","1","0","0"
"1145","0","0","0","0"
"1146","0","0","0","0"
"1147","0","0","0","0"
"1148","0","0","0","0"
"1149","0","0","0","0"
"1150","0","0","0","0"
"1151","0","0","1","0"
"1152","0","1","1","0"
"1153","0","1","1","1"
"1154","0","1","1","1"
"1155","0","1","1","1"
"1156","0","1","1","1"
"1157","0","1","1","1"
"1158","0","1","1","1"
"1159","0","1","1","1"
"1160","0","1","0","0"
"1161","0","0","0","0"
"1162","0","0","0","0"
"1163","0","0","0","0"
"1164","0","0","0","0"
"1165","0","0","0","0"
"1166","0","0","0","0"
"1167","0","0","0","0"
"1168","0","0","0","0"
"1169","0","0","0","0"
"1170","0","0","0","0"
"1171","0","0","1","0"
"1172","0","1","1","0"
"1173","0","1","1","1"
"1174","0","1","1","1"
"1175","0","1","1","1"
"1176","0","1","1","1"
"1177","0","1","1","1"
"1178","0","1","1","1"
"1179","0","1","1","1"
"1180","0","0","0","0"
"1181","0","0","0","0"
"1182","0","0","0","0"
"1183","0","0","0","0"
"1184","0","0","0","0"
"1185","0","0","0","0"
"1186","0","0","0","0"
"1187","0","0","0","0"
"1188","0","0","0","0"
"1189","0","0","0","0"
"1190","0","0","1","0"
"1191","0","0","1","0"
"1192","0","1","1","0"
"1193","0","1","1","1"
"1194","0","1","1","1"
"1195","0","1","1","1"
"1196","0","1","1","1"
"1197","0","1","1","1"
"1198","0","1","1","1"
"1199","0","1","1","1"
"1200","0","1","0","0"
"1201","0","1","0","0"
"1202","0","1","0","0"
"1203","0","1","0","0"
"1204","0","1","0","0"
"1205","0","1","0","0"
"1206","1","1","0","0"
"1207","1","1","0","0"
"1208","1","1","0","0"
"1209","1","1","0","0"
"1210","1","1","0","0"
"1211","1","1","1","0"
"1212","1","1","1","0"
"1213","1","1","1","1"
"1214","1","1","1","1"
"1215","1","1","1","1"
"1216","1","1","1","1"
"1217","1","1","1","1"
"1218","1","1","1","1"
"1219","1","1","1","1"
"1220","1","1","0","0"
"1221","1","1","0","0"
"1222","1","1","0","0"
"1223","1","1","0","0"
"1224","1","1","0","0"
"1225","1","1","0","0"
"1226","1","1","0","0"
"1227","1","1","0","0"
"1228","1","1","0","0"
"1229","1","1","0","0"
"1230","1","1","0","0"
"1231","1","1","1","0"
"1232","1","1","1","0"
"1233","1","1","1","1"
"1234","1","1","1","1"
"1235","1","1","1","1"
"1236","1","1","1","1"
"1237","1","1","1","1"
"1238","1","1","1","1"
"1239","1","1","1","1"
"1240","1","1","0","0"
"1241","1","1","0","0"
"1242","1","1","0","0"
"1243","1","1","0","0"
"1244","1","1","0","0"
"1245","1","1","0","0"
"1246","1","1","0","0"
"1247","1","1","0","0"
"1248","1","1","0","0"
"1249","1","1","0","0"
"1250","1","1","0","0"
"1251","1","1","1","0"
"1252","1","1","1","0"
"1253","1","1","1","1"
"1254","1","1","1","1"
"1255","1","1","1","1"
"1256","1","1","1","1"
"1257","1","1","1","1"
"1258","1","1","1","1"
"1259","1","1","1","1"
"1260","1","1","0","0"
"1261","1","1","0","0"
"1262","1","1","0","0"
"1263","1","1","0","0"
"1264","1","1","0","0"
"1265","1","1","0","0"
"1266","1","1","0","0"
"1267","1","1","0","0"
"1268","1","1","0","0"
"1269","1","1","0","0"
"1270","1","1","0","0"
"1271","1","1","1","0"
"1272","1","1","1","0"
"1273","1","1","1","1"
"1274","1","1","1","1"
"1275","1","1","1","1"
"1276","1","1","1","1"
"1277","1","1","1","1"
"1278","1","1","1","1"
"1279","1","1","1","1"
"1280","1","1","0","0"
"1281","1","1","0","0"
"1282","0","0","0","0"
"1283","0","0","0","0"
"1284","0","0","0","0"
"1285","0","0","0","0"
"1286","0","0","0","0"
"1287","0","0","0","0"
"1288","0","0","0","0"
"1289","0","0","0","0"
"1290","0","0","0","0"
"1291","0","0","1","0"
"1292","0","1","1","0"
"1293","0","1","1","1"
"1294","0","1","1","1"
"1295","0","1","1","1"
"1296","0","1","1","1"
"1297","0","1","1","1"
"1298","0","1","1","1"
"1299","0","1","1","1"
"1300","0","1","0","0"
"1301","0","1","0","0"
"1302","0","1","1","0"
"1303","1","1","1","0"
"1304","1","1","1","0"
"1305","1","1","0","0"
"1306","0","0","0","0"
"1307","0","0","0","0"
"1308","0","0","0","0"
"1309","0","0","0","0"
"1310","0","0","1","0"
"1311","0","0","1","0"
"1312","0","1","1","0"
"1313","0","1","1","1"
"1314","0","1","1","1"
"1315","0","1","1","1"
"1316","0","1","1","1"
"1317","0","1","1","1"
"1318","0","1","1","1"
"1319","0","1","1","1"
"1320","0","1","0","0"
"1321","0","1","0","0"
"1322","0","1","0","0"
"1323","0","1","0","0"
"1324","0","1","0","0"
"1325","0","1","0","0"
"1326","0","1","0","0"
"1327","1","1","0","0"
"1328","1","1","0","0"
"1329","1","1","0","0"
"1330","1","1","0","0"
"1331","1","1","1","0"
"1332","1","1","1","0"
"1333","1","1","1","1"
"1334","1","1","1","1"
"1335","1","1","1","1"
"1336","1","1","1","1"
"1337","1","1","1","1"
"1338","1","1","1","1"
"1339","1","1","1","1"
"1340","1","1","0","0"
"1341","1","1","0","0"
"1342","1","1","0","0"
"1343","1","1","0","0"
"1344","1","1","0","0"
"1345","1","1","0","0"
"1346","1","1","0","0"
"1347","1","1","0","0"
"1348","1","1","0","0"
"1349","1","1","0","0"
"1350","1","1","0","0"
"1351","1","1","1","0"
"1352","1","1","1","0"
"1353","1","1","1","1"
"1354","1","1","1","1"
"1355","1","1","1","1"
"1356","1","1","1","1"
"1357","1","1","1","1"
"1358","1","1","1","1"
"1359","1","1","1","1"
"1360","1","1","0","0"
"1361","1","1","0","0"
"1362","1","1","0","0"
"1363","1","1","0","0"
"1364","1","1","0","0"
"1365","1","1","0","0"
"1366","1","1","0","0"
"1367","1","1","0","0"
"1368","1","1","0","0"
"1369","1","1","0","0"
"1370","1","1","0","0"
"1371","1","1","1","0"
"1372","1","1","1","0"
"1373","1","1","1","1"
"1374","1","1","1","1"
"1375","1","1","1","1"
"1376","1","1","1","1"
"1377","1","1","1","1"
"1378","1","1","1","1"
"1379","1","1","1","1"
"1380","1","1","0","0"
"1381","1","1","0","0"
"1382","1","1","0","0"
"1383","1","1","0","0"
"1384","1","1","0","0"
"1385","1","1","0","0"
"1386","0","0","0","0"
"1387","0","0","0","0"
"1388","0","0","0","0"
"1389","0","0","0","0"
"1390","0","0","1","0"
"1391","0","0","1","0"
"1392","0","1","1","0"
"1393","0","1","1","1"
"1394","0","1","1","1"
"1395","0","1","1","1"
"1396","0","1","1","1"
"1397","0","1","1","1"
"1398","0","1","1","1"
"1399","0","1","1","1"
"1400","0","1","0","0"
"1401","0","1","0","0"
"1402","0","1","0","0"
"1403","0","1","0","0"
"1404","0","1","0","0"
"1405","0","1","0","0"
"1406","0","1","0","0"
"1407","1","1","0","0"
"1408","1","1","0","0"
"1409","1","1","0","0"
"1410","1","1","0","0"
"1411","1","1","1","0"
"1412","1","1","1","0"
"1413","1","1","1","1"
"1414","1","1","1","1"
"1415","1","1","1","1"
"1416","1","1","1","1"
"1417","1","1","1","1"
"1418","1","1","1","1"
"1419","1","1","1","1"
"1420","1","1","0","0"
"1421","1","1","0","0"
"1422","0","0","0","1"
"1423","0","0","0","0"
"1424","0","0","0","0"
"1425","0","0","0","0"
"1426","0","0","0","0"
"1427","0","0","0","0"
"1428","0","0","0","0"
"1429","0","0","0","0"
"1430","0","0","0","0"
"1431","0","0","1","0"
"1432","0","1","1","0"
"1433","0","1","1","1"
"1434","0","1","1","1"
"1435","0","1","1","1"
"1436","0","1","1","1"
"1437","0","1","1","1"
"1438","0","1","1","1"
"1439","0","1","1","1"
"1440","0","0","0","1"
"1441","0","0","0","0"
"1442","0","0","0","0"
"1443","0","0","0","0"
"1444","0","0","0","0"
"1445","0","0","0","0"
"1446","0","0","0","0"
"1447","0","0","0","0"
"1448","0","0","0","0"
"1449","0","0","0","0"
"1450","0","0","0","0"
"1451","0","1","1","0"
"1452","0","1","1","0"
"1453","0","1","1","1"
"1454","0","1","1","1"
"1455","0","1","1","1"
"1456","0","1","1","1"
"1457","0","1","1","1"
"1458","0","1","1","1"
"1459","0","1","1","1"
"1460","0","1","0","0"
"1461","0","1","0","0"
"1462","0","1","0","0"
"1463","0","1","0","0"
"1464","0","1","0","0"
"1465","0","0","0","0"
"1466","0","0","0","0"
"1467","0","0","0","0"
"1468","0","0","0","0"
"1469","0","0","0","0"
"1470","0","0","1","0"
"1471","0","0","1","0"
"1472","0","1","1","0"
"1473","0","1","1","1"
"1474","0","1","1","1"
"1475","0","1","1","1"
"1476","0","1","1","1"
"1477","0","1","1","1"
"1478","0","1","1","1"
"1479","0","1","1","1"
"1480","0","1","0","0"
"1481","0","1","0","0"
"1482","0","1","0","0"
"1483","0","1","0","0"
"1484","0","0","0","0"
"1485","0","0","0","0"
"1486","0","0","0","0"
"1487","0","0","0","0"
"1488","0","0","0","0"
"1489","0","0","0","0"
"1490","0","0","0","0"
"1491","0","0","1","0"
"1492","0","1","1","0"
"1493","0","1","1","1"
"1494","0","1","1","1"
"1495","0","1","1","1"
"1496","0","1","1","1"
"1497","0","1","1","1"
"1498","0","1","1","1"
"1499","0","1","1","1"
"1500","0","1","0","0"
"1501","0","1","0","0"
"1502","0","1","0","0"
"1503","0","1","0","0"
"1504","0","1","0","0"
"1505","0","0","0","0"
"1506","0","0","0","0"
"1507","0","0","0","0"
"1508","0","0","0","0"
"1509","0","0","0","0"
"1510","0","0","0","0"
"1511","0","0","1","0"
"1512","0","1","1","0"
"1513","0","1","1","1"
"1514","0","1","1","1"
"1515","0","1","1","1"
"1516","0","1","1","1"
"1517","0","1","1","1"
"1518","0","1","1","1"
"1519","0","1","1","1"
"1520","0","1","0","0"
"1521","0","1","0","0"
"1522","0","1","0","0"
"1523","0","0","0","0"
"1524","0","0","0","0"
"1525","0","0","0","0"
"1526","0","0","0","0"
"1527","0","0","0","0"
"1528","0","0","0","0"
"1529","0","0","0","0"
"1530","0","0","0","0"
"1531","0","0","1","0"
"1532","0","1","1","0"
"1533","0","1","1","1"
"1534","0","1","1","1"
"1535","0","1","1","1"
"1536","0","1","1","1"
"1537","0","1","1","1"
"1538","0","1","1","1"
"1539","0","1","1","1"
"1540","0","1","0","0"
"1541","0","1","0","0"
"1542","0","1","0","0"
"1543","0","1","0","0"
"1544","0","1","0","0"
"1545","0","1","0","0"
"1546","0","1","0","0"
"1547","0","1","0","0"
"1548","0","0","0","0"
"1549","0","0","0","0"
"1550","0","0","1","0"
"1551","0","0","1","0"
"1552","0","1","1","0"
"1553","0","1","1","1"
"1554","0","1","1","1"
"1555","0","1","1","1"
"1556","0","1","1","1"
"1557","0","1","1","1"
"1558","0","1","1","1"
"1559","0","1","1","1"
"1560","0","1","0","0"
"1561","0","1","0","0"
"1562","0","1","0","0"
"1563","0","1","0","0"
"1564","0","1","0","0"
"1565","0","0","0","0"
"1566","0","0","0","0"
"1567","0","0","0","0"
"1568","0","0","0","0"
"1569","0","0","0","0"
"1570","0","0","0","0"
"1571","0","0","1","0"
"1572","0","0","1","0"
"1573","0","1","1","1"
"1574","0","1","1","1"
"1575","0","1","1","1"
"1576","0","1","1","1"
"1577","0","1","1","1"
"1578","0","1","1","1"
"1579","0","1","1","1"
"1580","0","1","0","0"
"1581","0","1","0","0"
"1582","0","1","0","0"
"1583","0","0","0","0"
"1584","0","0","0","0"
"1585","0","0","0","0"
"1586","0","0","0","0"
"1587","0","0","0","1"
"1588","0","0","0","0"
"1589","0","0","0","0"
"1590","0","0","1","0"
"1591","0","0","1","0"
"1592","0","1","1","0"
"1593","0","1","1","1"
"1594","0","1","1","1"
"1595","0","1","1","1"
"1596","0","1","1","1"
"1597","0","1","1","1"
"1598","0","1","1","1"
"1599","0","1","1","1"
"1600","0","0","0","0"
"1601","0","0","0","0"
"1602","0","0","0","0"
"1603","0","0","0","0"
"1604","0","0","0","0"
"1605","0","0","0","0"
"1606","0","0","0","0"
"1607","0","0","0","0"
"1608","0","0","0","0"
"1609","0","0","0","0"
"1610","0","0","0","0"
"1611","0","1","1","0"
"1612","0","1","1","0"
"1613","0","1","1","1"
"1614","0","1","1","1"
"1615","0","1","1","1"
"1616","0","1","1","1"
"1617","0","1","1","1"
"1618","0","1","1","1"
"1619","0","1","1","1"
"1620","0","1","0","0"
"1621","1","1","0","0"
"1622","1","1","0","0"
"1623","1","1","0","0"
"1624","1","1","0","0"
"1625","1","1","0","0"
"1626","0","0","0","0"
"1627","0","0","0","0"
"1628","0","0","0","0"
"1629","0","0","0","0"
"1630","0","0","1","0"
"1631","0","0","1","0"
"1632","0","1","1","0"
"1633","0","1","1","1"
"1634","0","1","1","1"
"1635","0","1","1","1"
"1636","0","1","1","1"
"1637","0","1","1","1"
"1638","0","1","1","1"
"1639","0","1","1","1"
"1640","0","1","0","0"
"1641","0","1","0","0"
"1642","0","1","0","0"
"1643","0","1","0","0"
"1644","0","1","0","0"
"1645","0","1","0","0"
"1646","0","1","0","0"
"1647","1","1","0","0"
"1648","0","0","0","0"
"1649","0","0","0","0"
"1650","0","0","0","0"
"1651","0","0","1","0"
"1652","0","1","1","0"
"1653","0","1","1","1"
"1654","0","1","1","1"
"1655","0","1","1","1"
"1656","0","1","1","1"
"1657","0","1","1","1"
"1658","0","1","1","1"
"1659","0","1","1","1"
"1660","0","1","0","0"
"1661","0","1","0","0"
"1662","0","0","0","0"
"1663","0","0","0","0"
"1664","0","0","0","0"
"1665","0","0","0","0"
"1666","0","0","0","0"
"1667","0","0","0","0"
"1668","0","0","0","0"
"1669","0","0","0","0"
"1670","0","0","0","0"
"1671","0","0","1","0"
"1672","0","1","1","0"
"1673","0","1","1","1"
"1674","0","1","1","1"
"1675","0","1","1","1"
"1676","0","1","1","1"
"1677","0","1","1","1"
"1678","0","1","1","1"
"1679","0","1","1","1"
"1680","0","1","0","0"
"1681","0","1","0","0"
"1682","0","0","0","0"
"1683","0","0","1","0"
"1684","0","0","1","0"
"1685","0","0","1","0"
"1686","0","0","0","0"
"1687","0","0","0","0"
"1688","0","0","0","0"
"1689","0","0","0","0"
"1690","0","0","0","0"
"1691","0","0","1","0"
"1692","0","1","1","0"
"1693","0","1","1","1"
"1694","0","1","1","1"
"1695","0","1","1","1"
"1696","0","1","1","1"
"1697","0","1","1","1"
"1698","0","1","1","1"
"1699","0","1","1","1"
"1700","0","1","0","0"
"1701","0","0","0","0"
"1702","0","0","0","0"
"1703","0","0","0","0"
"1704","0","0","0","0"
"1705","0","1","0","0"
"1706","0","1","0","0"
"1707","0","0","0","0"
"1708","0","0","0","0"
"1709","0","0","0","0"
"1710","0","0","1","0"
"1711","0","0","1","0"
"1712","0","1","1","0"
"1713","0","1","1","1"
"1714","0","1","1","1"
"1715","0","1","1","1"
"1716","0","1","1","1"
"1717","0","1","1","1"
"1718","0","1","1","1"
"1719","0","1","1","1"
"1720","0","1","0","0"
"1721","0","1","0","0"
"1722","0","1","0","0"
"1723","0","1","0","0"
"1724","0","1","0","0"
"1725","0","0","0","0"
"1726","0","0","0","0"
"1727","0","0","0","0"
"1728","0","0","0","0"
"1729","0","0","0","0"
"1730","0","0","0","0"
"1731","0","0","1","0"
"1732","0","1","1","0"
"1733","0","1","1","1"
"1734","0","1","1","1"
"1735","0","1","1","1"
"1736","0","1","1","1"
"1737","0","1","1","1"
"1738","0","1","1","1"
"1739","0","1","1","1"
"1740","0","1","0","0"
"1741","0","1","0","0"
"1742","0","1","0","0"
"1743","0","1","0","0"
"1744","0","1","0","0"
"1745","0","1","0","0"
"1746","1","1","0","0"
"1747","1","1","0","0"
"1748","1","1","0","0"
"1749","1","1","0","0"
"1750","1","1","0","0"
"1751","1","1","1","0"
"1752","1","1","1","0"
"1753","1","1","1","1"
"1754","1","1","1","1"
"1755","1","1","1","1"
"1756","1","1","1","1"
"1757","1","1","1","1"
"1758","1","1","1","1"
"1759","1","1","1","1"
"1760","1","1","0","0"
"1761","1","1","0","0"
"1762","1","1","0","0"
"1763","1","1","0","0"
"1764","1","1","0","0"
"1765","1","1","0","0"
"1766","1","1","0","0"
"1767","0","0","0","0"
"1768","0","0","0","0"
"1769","0","0","0","0"
"1770","0","0","0","0"
"1771","0","1","1","0"
"1772","0","1","1","0"
"1773","0","1","1","1"
"1774","0","1","1","1"
"1775","0","1","1","1"
"1776","0","1","1","1"
"1777","0","1","1","1"
"1778","0","1","1","1"
"1779","0","1","1","1"
"1780","0","1","0","0"
"1781","0","1","0","0"
"1782","0","1","0","0"
"1783","0","1","0","0"
"1784","0","1","0","0"
"1785","0","1","0","0"
"1786","0","1","0","0"
"1787","0","1","0","0"
"1788","0","0","0","0"
"1789","0","0","0","0"
"1790","0","0","1","0"
"1791","0","0","1","0"
"1792","0","1","1","0"
"1793","0","1","1","1"
"1794","0","1","1","1"
"1795","0","1","1","1"
"1796","0","1","1","1"
"1797","0","1","1","1"
"1798","0","1","1","1"
"1799","0","1","1","1"
"1800","0","1","0","0"
"1801","0","1","0","0"
"1802","0","0","0","0"
"1803","0","0","0","0"
"1804","0","0","0","0"
"1805","0","0","0","0"
"1806","0","0","0","0"
"1807","0","0","0","0"
"1808","0","0","0","0"
"1809","0","0","0","0"
"1810","0","0","0","0"
"1811","0","0","1","0"
"1812","0","1","1","0"
"1813","0","1","1","1"
"1814","0","1","1","1"
"1815","0","1","1","1"
"1816","0","1","1","1"
"1817","0","1","1","1"
"1818","0","1","1","1"
"1819","0","1","1","1"
"1820","0","1","0","0"
"1821","0","1","0","0"
"1822","0","1","0","0"
"1823","1","1","0","0"
"1824","0","0","0","0"
"1825","0","0","0","0"
"1826","0","0","0","0"
"1827","0","0","0","0"
"1828","0","0","0","0"
"1829","0","0","0","0"
"1830","0","0","0","0"
"1831","0","0","1","0"
"1832","0","1","1","0"
"1833","0","1","1","1"
"1834","0","1","1","1"
"1835","0","1","1","1"
"1836","0","1","1","1"
"1837","0","1","1","1"
"1838","0","1","1","1"
"1839","0","1","1","1"
"1840","0","1","0","0"
"1841","0","0","0","1"
"1842","0","0","0","0"
"1843","0","0","0","0"
"1844","0","0","0","0"
"1845","0","0","0","0"
"1846","0","0","0","0"
"1847","0","0","0","0"
"1848","0","0","0","0"
"1849","0","0","0","0"
"1850","0","0","1","0"
"1851","0","0","1","0"
"1852","0","1","1","0"
"1853","0","1","1","1"
"1854","0","1","1","1"
"1855","0","1","1","1"
"1856","0","1","1","1"
"1857","0","1","1","1"
"1858","0","1","1","1"
"1859","0","1","1","1"
"1860","0","1","0","0"
"1861","0","1","0","0"
"1862","0","1","0","0"
"1863","0","1","0","0"
"1864","0","0","0","0"
"1865","0","0","0","0"
"1866","0","0","0","0"
"1867","0","0","0","0"
"1868","0","0","0","0"
"1869","0","0","0","0"
"1870","0","0","0","0"
"1871","0","0","1","0"
"1872","0","1","1","0"
"1873","0","1","1","1"
"1874","0","1","1","1"
"1875","0","1","1","1"
"1876","0","1","1","1"
"1877","0","1","1","1"
"1878","0","1","1","1"
"1879","0","1","1","1"
"1880","0","1","0","0"
"1881","0","0","0","0"
"1882","0","0","0","0"
"1883","0","0","0","0"
"1884","0","0","0","0"
"1885","0","1","0","0"
"1886","0","1","0","0"
"1887","0","1","0","0"
"1888","0","1","0","0"
"1889","0","1","0","0"
"1890","0","1","0","0"
"1891","0","1","1","0"
"1892","0","1","1","0"
"1893","0","1","1","1"
"1894","0","1","1","1"
"1895","0","1","1","1"
"1896","0","1","1","1"
"1897","0","1","1","1"
"1898","0","1","1","1"
"1899","0","1","1","1"
"1900","0","1","0","0"
"1901","0","0","0","0"
"1902","0","0","0","0"
"1903","0","0","0","0"
"1904","0","0","0","0"
"1905","0","0","0","0"
"1906","0","0","0","0"
"1907","0","0","0","0"
"1908","0","0","0","0"
"1909","0","0","0","0"
"1910","0","0","0","0"
"1911","0","0","1","0"
"1912","0","1","1","0"
"1913","0","1","1","1"
"1914","0","1","1","1"
"1915","0","1","1","1"
"1916","0","1","1","1"
"1917","0","1","1","1"
"1918","0","1","1","1"
"1919","0","1","1","1"
"1920","0","1","0","0"
"1921","0","0","0","0"
"1922","0","0","0","0"
"1923","0","0","0","0"
"1924","0","0","0","0"
"1925","0","0","0","0"
"1926","0","0","0","0"
"1927","0","0","0","0"
"1928","0","0","0","0"
"1929","0","0","0","0"
"1930","0","0","0","0"
"1931","0","0","1","0"
"1932","0","1","1","0"
"1933","0","1","1","1"
"1934","0","1","1","1"
"1935","0","1","1","1"
"1936","0","1","1","1"
"1937","0","1","1","1"
"1938","0","1","1","1"
"1939","0","1","1","1"
"1940","0","1","0","0"
"1941","0","1","0","0"
"1942","1","1","0","0"
"1943","1","1","0","0"
"1944","1","1","0","0"
"1945","1","1","0","0"
"1946","1","1","0","0"
"1947","1","1","0","0"
"1948","1","1","0","0"
"1949","1","1","0","0"
"1950","1","1","0","0"
"1951","1","1","1","0"
"1952","1","1","1","0"
"1953","1","1","1","1"
"1954","1","1","1","1"
"1955","1","1","1","1"
"1956","1","1","1","1"
"1957","1","1","1","1"
"1958","1","1","1","1"
"1959","1","1","1","1"
"1960","1","1","0","0"
"1961","1","1","0","0"
"1962","1","1","0","0"
"1963","1","1","0","0"
"1964","1","1","0","0"
"1965","1","1","0","0"
"1966","1","1","0","0"
"1967","1","1","0","0"
"1968","0","0","0","0"
"1969","0","0","0","0"
"1970","0","0","1","0"
"1971","0","0","1","0"
"1972","0","1","1","0"
"1973","0","1","1","1"
"1974","0","1","1","1"
"1975","0","1","1","1"
"1976","0","1","1","1"
"1977","0","1","1","1"
"1978","0","1","1","1"
"1979","0","1","1","1"
"1980","0","1","0","0"
"1981","0","1","0","0"
"1982","0","1","0","0"
"1983","0","1","0","0"
"1984","0","0","0","0"
"1985","0","0","0","0"
"1986","0","0","0","0"
"1987","0","0","0","0"
"1988","0","0","0","0"
"1989","0","0","0","0"
"1990","0","0","0","0"
"1991","0","0","1","0"
"1992","0","1","1","0"
"1993","0","1","1","1"
"1994","0","1","1","1"
"1995","0","1","1","1"
"1996","0","1","1","1"
"1997","0","1","1","1"
"1998","0","1","1","1"
"1999","0","1","1","1"
"2000","0","1","0","0"
"2001","0","1","0","0"
"2002","0","1","0","0"
"2003","0","1","0","0"
"2004","0","1","0","0"
"2005","1","1","0","0"
"2006","0","0","0","0"
"2007","0","0","0","0"
"2008","0","0","0","0"
"2009","0","0","0","0"
"2010","0","0","1","0"
"2011","0","0","1","0"
"2012","0","1","1","0"
"2013","0","1","1","1"
"2014","0","1","1","1"
"2015","0","1","1","1"
"2016","0","1","1","1"
"2017","0","1","1","1"
"2018","0","1","1","1"
"2019","0","1","1","1"
"2020","0","1","0","0"
"2021","0","1","0","0"
"2022","0","1","0","0"
"2023","0","1","0","0"
"2024","0","1","0","0"
"2025","0","1","0","0"
"2026","0","0","0","0"
"2027","0","0","0","0"
"2028","0","0","0","0"
"2029","0","0","0","0"
"2030","0","0","1","0"
"2031","0","0","1","0"
"2032","0","1","1","0"
"2033","0","1","1","1"
"2034","0","1","1","1"
"2035","0","1","1","1"
"2036","0","1","1","1"
"2037","0","1","1","1"
"2038","0","1","1","1"
"2039","0","1","1","1"
"2040","0","1","0","0"
"2041","0","1","0","0"
"2042","0","1","0","0"
"2043","0","1","0","0"
"2044","0","0","0","0"
"2045","0","0","0","0"
"2046","0","0","0","0"
"2047","0","0","0","0"
"2048","0","0","0","0"
"2049","0","0","0","0"
"2050","0","0","0","0"
"2051","0","0","1","0"
"2052","0","1","1","0"
"2053","0","1","1","1"
"2054","0","1","1","1"
"2055","0","1","1","1"
"2056","0","1","1","1"
"2057","0","1","1","1"
"2058","0","1","1","1"
"2059","0","1","1","1"
"2060","0","1","0","0"
"2061","0","1","0","0"
"2062","0","1","0","0"
"2063","0","1","0","0"
"2064","0","1","0","0"
"2065","1","1","0","0"
"2066","1","1","0","0"
"2067","1","1","0","0"
"2068","0","0","0","0"
"2069","0","0","0","0"
"2070","0","0","1","0"
"2071","0","0","1","0"
"2072","0","1","1","0"
"2073","0","1","1","1"
"2074","0","1","1","1"
"2075","0","1","1","1"
"2076","0","1","1","1"
"2077","0","1","1","1"
"2078","0","1","1","1"
"2079","0","1","1","1"
"2080","0","1","0","0"
"2081","0","1","0","0"
"2082","0","1","0","0"
"2083","0","0","0","0"
"2084","0","0","0","0"
"2085","0","0","0","0"
"2086","0","0","0","0"
"2087","0","0","0","0"
"2088","0","0","0","0"
"2089","0","0","0","0"
"2090","0","0","0","0"
"2091","0","0","1","0"
"2092","0","1","1","0"
"2093","0","1","1","1"
"2094","0","1","1","1"
"2095","0","1","1","1"
"2096","0","1","1","1"
"2097","0","1","1","1"
"2098","0","1","1","1"
"2099","0","1","1","1"
"2100","0","1","0","0"
"2101","0","0","0","0"
"2102","0","0","0","0"
"2103","0","0","0","0"
"2104","0","0","0","0"
"2105","0","0","0","0"
"2106","0","0","0","0"
"2107","0","0","0","0"
"2108","0","0","0","0"
"2109","0","0","0","0"
"2110","0","0","1","0"
"2111","0","0","1","0"
"2112","0","1","1","0"
"2113","0","1","1","1"
"2114","0","1","1","1"
"2115","0","1","1","1"
"2116","0","1","1","1"
"2117","0","1","1","1"
"2118","0","1","1","1"
"2119","0","1","1","1"
"2120","0","1","0","0"
"2121","0","1","0","0"
"2122","0","1","0","0"
"2123","0","1","0","0"
"2124","0","1","0","0"
"2125","0","0","0","0"
"2126","0","0","0","0"
"2127","0","0","0","0"
"2128","0","0","0","0"
"2129","0","0","0","0"
"2130","0","0","0","0"
"2131","0","0","1","0"
"2132","0","1","1","0"
"2133","0","1","1","1"
"2134","0","1","1","1"
"2135","0","1","1","1"
"2136","0","1","1","1"
"2137","0","1","1","1"
"2138","0","1","1","1"
"2139","0","1","1","1"
"2140","0","1","0","0"
"2141","0","1","0","0"
"2142","0","1","0","0"
"2143","0","1","0","0"
"2144","0","1","0","0"
"2145","0","1","0","0"
"2146","1","1","0","0"
"2147","1","1","0","0"
"2148","1","1","0","0"
"2149","1","1","0","0"
"2150","1","1","0","0"
"2151","1","1","1","0"
"2152","1","1","1","0"
"2153","1","1","1","1"
"2154","1","1","1","1"
"2155","1","1","1","1"
"2156","1","1","1","1"
"2157","1","1","1","1"
"2158","1","1","1","1"
"2159","1","1","1","1"
"2160","1","1","0","0"
"2161","1","1","0","0"
"2162","1","1","0","0"
"2163","1","1","0","0"
"2164","1","1","0","0"
"2165","1","1","0","0"
"2166","1","1","0","0"
"2167","1","1","0","0"
"2168","1","1","0","0"
"2169","1","1","0","0"
"2170","1","1","0","0"
"2171","1","1","1","0"
"2172","1","1","1","0"
"2173","1","1","1","1"
"2174","1","1","1","1"
"2175","1","1","1","1"
"2176","1","1","1","1"
"2177","1","1","1","1"
"2178","1","1","1","1"
"2179","1","1","1","1"
"2180","1","1","0","0"
"2181","1","1","0","0"
"2182","1","1","0","0"
"2183","1","1","0","0"
"2184","1","1","0","0"
"2185","1","1","0","0"
"2186","0","0","0","0"
"2187","0","0","0","0"
"2188","0","0","0","0"
"2189","0","0","0","0"
"2190","0","1","0","0"
"2191","0","1","1","0"
"2192","0","1","1","0"
"2193","0","1","1","1"
"2194","0","1","1","1"
"2195","0","1","1","1"
"2196","0","1","1","1"
"2197","0","1","1","1"
"2198","0","1","1","1"
"2199","0","1","1","1"
"2200","0","1","0","0"
"2201","0","1","0","0"
"2202","0","1","0","0"
"2203","0","1","0","0"
"2204","0","1","0","0"
"2205","0","1","0","0"
"2206","0","0","0","0"
"2207","0","0","0","0"
"2208","0","0","0","0"
"2209","0","0","0","0"
"2210","0","0","1","0"
"2211","0","0","1","0"
"2212","0","1","1","0"
"2213","0","1","1","1"
"2214","0","1","1","1"
"2215","0","1","1","1"
"2216","0","1","1","1"
"2217","0","1","1","1"
"2218","0","1","1","1"
"2219","0","1","1","1"
"2220","0","1","0","0"
"2221","0","1","0","0"
"2222","0","1","0","0"
"2223","0","0","0","0"
"2224","0","0","0","0"
"2225","0","0","0","0"
"2226","0","0","0","0"
"2227","0","0","0","0"
"2228","0","0","0","0"
"2229","0","0","0","0"
"2230","0","0","0","0"
"2231","0","0","1","0"
"2232","0","1","1","0"
"2233","0","1","1","1"
"2234","0","1","1","1"
"2235","0","1","1","1"
"2236","0","1","1","1"
"2237","0","1","1","1"
"2238","0","1","1","1"
"2239","0","1","1","1"
"2240","0","1","0","0"
"2241","0","1","0","0"
"2242","0","1","0","0"
"2243","0","1","0","0"
"2244","1","1","0","0"
"2245","1","1","0","0"
"2246","1","1","0","0"
"2247","1","1","0","0"
"2248","1","1","0","0"
"2249","1","1","0","0"
"2250","1","1","0","0"
"2251","1","1","1","0"
"2252","1","1","1","0"
"2253","1","1","1","1"
"2254","1","1","1","1"
"2255","1","1","1","1"
"2256","1","1","1","1"
"2257","1","1","1","1"
"2258","1","1","1","1"
"2259","1","1","1","1"
"2260","1","1","0","0"
"2261","1","1","0","0"
"2262","1","1","0","0"
"2263","1","1","0","0"
"2264","1","1","0","0"
"2265","1","1","0","0"
"2266","1","1","0","0"
"2267","1","1","0","0"
"2268","1","1","0","0"
"2269","1","1","0","0"
"2270","1","1","0","0"
"2271","1","1","1","0"
"2272","1","1","1","0"
"2273","1","1","1","1"
"2274","1","1","1","1"
"2275","1","1","1","1"
"2276","1","1","1","1"
"2277","1","1","1","1"
"2278","1","1","1","1"
"2279","1","1","1","1"
"2280","0","0","0","0"
"2281","0","0","0","0"
"2282","0","0","0","0"
"2283","0","0","0","0"
"2284","0","0","0","0"
"2285","0","0","0","0"
"2286","0","0","0","0"
"2287","0","0","0","0"
"2288","0","0","0","0"
"2289","0","0","0","0"
"2290","0","0","0","0"
"2291","0","0","1","0"
"2292","0","1","1","0"
"2293","0","1","1","1"
"2294","0","1","1","1"
"2295","0","1","1","1"
"2296","0","1","1","1"
"2297","0","1","1","1"
"2298","0","1","1","1"
"2299","0","1","1","1"
"2300","0","1","0","0"
"2301","1","1","0","0"
"2302","1","1","0","0"
"2303","1","1","0","0"
"2304","1","1","0","0"
"2305","1","1","0","0"
"2306","1","1","0","0"
"2307","1","1","0","0"
"2308","1","1","0","0"
"2309","1","1","0","0"
"2310","1","1","0","0"
"2311","1","1","1","0"
"2312","1","1","1","0"
"2313","1","1","1","1"
"2314","1","1","1","1"
"2315","1","1","1","1"
"2316","1","1","1","1"
"2317","1","1","1","1"
"2318","1","1","1","1"
"2319","1","1","1","1"
"2320","1","1","0","0"
"2321","1","1","0","0"
"2322","1","1","0","0"
"2323","1","1","0","0"
"2324","0","0","0","0"
"2325","0","0","0","0"
"2326","0","0","0","0"
"2327","0","0","0","0"
"2328","0","0","0","0"
"2329","0","0","0","0"
"2330","0","0","0","0"
"2331","0","0","1","0"
"2332","0","0","1","0"
"2333","0","1","1","1"
"2334","0","1","1","1"
"2335","0","1","1","1"
"2336","0","1","1","1"
"2337","0","1","1","1"
"2338","0","1","1","1"
"2339","0","1","1","1"
"2340","0","1","0","0"
"2341","0","1","0","0"
"2342","0","1","0","0"
"2343","0","1","0","0"
"2344","0","0","0","0"
"2345","0","0","0","0"
"2346","0","0","0","0"
"2347","0","0","0","0"
"2348","0","0","0","0"
"2349","0","0","0","0"
"2350","0","0","0","0"
"2351","0","0","1","0"
"2352","0","1","1","0"
"2353","0","1","1","1"
"2354","0","1","1","1"
"2355","0","1","1","1"
"2356","0","1","1","1"
"2357","0","1","1","1"
"2358","0","1","1","1"
"2359","0","1","1","1"
"2360","0","1","0","0"
"2361","0","1","0","0"
"2362","0","1","0","0"
"2363","0","1","0","0"
"2364","0","0","0","0"
"2365","0","0","0","0"
"2366","0","0","0","0"
"2367","0","0","0","0"
"2368","0","0","0","0"
"2369","0","0","0","0"
"2370","0","0","0","0"
"2371","0","0","1","0"
"2372","0","1","1","0"
"2373","0","1","1","1"
"2374","0","1","1","1"
"2375","0","1","1","1"
"2376","0","1","1","1"
"2377","0","1","1","1"
"2378","0","1","1","1"
"2379","0","1","1","1"
"2380","0","1","0","0"
"2381","0","1","0","0"
"2382","0","1","0","0"
"2383","0","1","0","0"
"2384","0","1","0","0"
"2385","0","0","0","0"
"2386","0","0","0","0"
"2387","0","0","0","0"
"2388","0","0","0","0"
"2389","0","0","0","0"
"2390","0","0","0","0"
"2391","0","0","1","0"
"2392","0","0","1","0"
"2393","0","1","1","1"
"2394","0","1","1","1"
"2395","0","1","1","1"
"2396","0","1","1","1"
"2397","0","1","1","1"
"2398","0","1","1","1"
"2399","0","1","1","1"
"2400","0","1","0","0"
"2401","0","1","0","0"
"2402","0","1","0","0"
"2403","0","0","0","0"
"2404","0","0","0","0"
"2405","0","0","0","0"
"2406","0","0","0","0"
"2407","0","0","0","0"
"2408","0","0","0","0"
"2409","0","0","0","0"
"2410","0","0","0","0"
"2411","0","0","1","0"
"2412","0","1","1","0"
"2413","0","1","1","1"
"2414","0","1","1","1"
"2415","0","1","1","1"
"2416","0","1","1","1"
"2417","0","1","1","1"
"2418","0","1","1","1"
"2419","0","1","1","1"
"2420","0","1","0","0"
"2421","0","1","0","0"
"2422","0","1","0","0"
"2423","0","1","0","0"
"2424","1","1","0","0"
"2425","1","1","0","0"
"2426","1","1","0","0"
"2427","1","1","0","0"
"2428","1","1","0","0"
"2429","1","1","0","0"
"2430","1","1","0","0"
"2431","1","1","1","0"
"2432","1","1","1","0"
"2433","1","1","1","1"
"2434","1","1","1","1"
"2435","1","1","1","1"
"2436","1","1","1","1"
"2437","1","1","1","1"
"2438","1","1","1","1"
"2439","1","1","1","1"
"2440","1","1","0","0"
"2441","1","1","0","0"
"2442","1","1","0","0"
"2443","1","1","0","0"
"2444","1","1","0","0"
"2445","1","1","0","0"
"2446","1","1","0","0"
"2447","0","0","0","0"
"2448","0","0","0","0"
"2449","0","0","0","0"
"2450","0","0","1","0"
"2451","0","0","1","0"
"2452","0","1","1","0"
"2453","0","1","1","1"
"2454","0","1","1","1"
"2455","0","1","1","1"
"2456","0","1","1","1"
"2457","0","1","1","1"
"2458","0","1","1","1"
"2459","0","1","1","1"
"2460","0","1","0","0"
"2461","0","0","0","0"
"2462","0","0","0","0"
"2463","0","0","0","0"
"2464","0","0","0","0"
"2465","0","0","0","0"
"2466","0","0","0","0"
"2467","0","0","0","0"
"2468","0","0","0","0"
"2469","0","0","0","0"
"2470","0","0","1","0"
"2471","0","0","1","0"
"2472","0","1","1","0"
"2473","0","1","1","1"
"2474","0","1","1","1"
"2475","0","1","1","1"
"2476","0","1","1","1"
"2477","0","1","1","1"
"2478","0","1","1","1"
"2479","0","1","1","1"
"2480","0","0","0","0"
"2481","0","0","0","0"
"2482","0","0","1","0"
"2483","0","0","1","0"
"2484","0","0","1","0"
"2485","0","0","0","0"
"2486","0","0","0","0"
"2487","0","0","0","0"
"2488","0","0","0","0"
"2489","0","0","0","0"
"2490","0","0","1","0"
"2491","0","0","1","0"
"2492","0","1","1","0"
"2493","0","1","1","1"
"2494","0","1","1","1"
"2495","0","1","1","1"
"2496","0","1","1","1"
"2497","0","1","1","1"
"2498","0","1","1","1"
"2499","0","1","1","1"
"2500","0","1","0","0"
"2501","0","0","0","0"
"2502","0","0","0","0"
"2503","0","0","0","0"
"2504","0","0","0","0"
"2505","0","0","0","0"
"2506","0","0","0","0"
"2507","0","0","0","0"
"2508","0","0","0","0"
"2509","0","0","0","0"
"2510","0","0","0","0"
"2511","0","0","1","0"
"2512","0","1","1","0"
"2513","0","1","1","1"
"2514","0","1","1","1"
"2515","0","1","1","1"
"2516","0","1","1","1"
"2517","0","1","1","1"
"2518","0","1","1","1"
"2519","0","1","1","1"
"2520","0","1","0","0"
"2521","0","1","0","0"
"2522","1","1","0","0"
"2523","1","1","0","0"
"2524","1","1","0","0"
"2525","1","1","0","0"
"2526","1","1","0","0"
"2527","1","1","0","0"
"2528","0","0","0","0"
"2529","0","0","0","0"
"2530","0","0","0","0"
"2531","0","0","1","0"
"2532","0","1","1","0"
"2533","0","1","1","1"
"2534","0","1","1","1"
"2535","0","1","1","1"
"2536","0","1","1","1"
"2537","0","1","1","1"
"2538","0","1","1","1"
"2539","0","1","1","1"
"2540","0","1","0","0"
"2541","0","1","0","0"
"2542","0","1","0","0"
"2543","0","1","0","0"
"2544","0","1","0","0"
"2545","0","1","0","0"
"2546","0","1","0","0"
"2547","0","0","0","0"
"2548","0","0","0","0"
"2549","0","0","0","0"
"2550","0","0","0","0"
"2551","0","1","1","0"
"2552","0","1","1","0"
"2553","0","1","1","1"
"2554","0","1","1","1"
"2555","0","1","1","1"
"2556","0","1","1","1"
"2557","0","1","1","1"
"2558","0","1","1","1"
"2559","0","1","1","1"
"2560","0","1","0","0"
"2561","0","1","0","0"
"2562","0","1","0","0"
"2563","0","1","0","0"
"2564","0","1","0","0"
"2565","0","1","0","0"
"2566","0","0","0","1"
"2567","0","0","0","0"
"2568","0","0","0","0"
"2569","0","0","0","0"
"2570","0","0","0","0"
"2571","0","0","1","0"
"2572","0","1","1","0"
"2573","0","1","1","1"
"2574","0","1","1","1"
"2575","0","1","1","1"
"2576","0","1","1","1"
"2577","0","1","1","1"
"2578","0","1","1","1"
"2579","0","1","1","1"
"2580","0","1","0","0"
"2581","0","1","0","0"
"2582","0","1","0","0"
"2583","0","1","0","0"
"2584","0","0","0","0"
"2585","0","0","0","0"
"2586","0","0","0","0"
"2587","0","0","0","0"
"2588","0","0","0","0"
"2589","0","0","0","0"
"2590","0","0","0","0"
"2591","0","0","1","0"
"2592","0","0","1","0"
"2593","0","1","1","1"
"2594","0","1","1","1"
"2595","0","1","1","1"
"2596","0","1","1","1"
"2597","0","1","1","1"
"2598","0","1","1","1"
"2599","0","1","1","1"
"2600","0","1","0","0"
"2601","0","1","0","0"
"2602","0","1","0","0"
"2603","0","1","0","0"
"2604","0","1","0","0"
"2605","0","1","0","0"
"2606","0","1","0","0"
"2607","0","1","0","0"
"2608","0","1","0","0"
"2609","0","1","0","0"
"2610","0","1","0","0"
"2611","0","1","1","0"
"2612","0","1","1","0"
"2613","0","1","1","1"
"2614","0","1","1","1"
"2615","0","1","1","1"
"2616","0","1","1","1"
"2617","0","1","1","1"
"2618","0","1","1","1"
"2619","0","1","1","1"
"2620","1","1","0","0"
"2621","1","1","0","0"
"2622","1","1","0","0"
"2623","1","1","0","0"
"2624","1","1","0","0"
"2625","1","1","0","0"
"2626","1","1","0","0"
"2627","0","0","0","0"
"2628","0","0","0","0"
"2629","0","0","0","0"
"2630","0","0","1","0"
"2631","0","0","1","0"
"2632","0","1","1","0"
"2633","0","1","1","1"
"2634","0","1","1","1"
"2635","0","1","1","1"
"2636","0","1","1","1"
"2637","0","1","1","1"
"2638","0","1","1","1"
"2639","0","1","1","1"
"2640","0","1","0","0"
"2641","0","1","0","0"
"2642","0","1","0","0"
"2643","0","1","0","0"
"2644","0","1","0","0"
"2645","0","1","0","0"
"2646","0","0","0","0"
"2647","0","0","0","0"
"2648","0","0","0","0"
"2649","0","0","0","0"
"2650","0","0","1","0"
"2651","0","0","1","0"
"2652","0","1","1","0"
"2653","0","1","1","1"
"2654","0","1","1","1"
"2655","0","1","1","1"
"2656","0","1","1","1"
"2657","0","1","1","1"
"2658","0","1","1","1"
"2659","0","1","1","1"
"2660","0","1","0","0"
"2661","0","1","0","0"
"2662","0","0","0","0"
"2663","0","0","0","0"
"2664","0","0","0","0"
"2665","0","0","0","0"
"2666","0","0","0","0"
"2667","0","0","0","1"
"2668","0","0","0","0"
"2669","0","0","0","0"
"2670","0","0","0","0"
"2671","0","1","1","0"
"2672","0","1","1","0"
"2673","0","1","1","1"
"2674","0","1","1","1"
"2675","0","1","1","1"
"2676","0","1","1","1"
"2677","0","1","1","1"
"2678","0","1","1","1"
"2679","0","1","1","1"
"2680","0","0","0","0"
"2681","0","0","0","0"
"2682","0","0","0","0"
"2683","0","0","0","0"
"2684","0","0","0","0"
"2685","0","0","0","0"
"2686","0","0","0","0"
"2687","0","0","0","0"
"2688","0","0","0","0"
"2689","0","0","0","0"
"2690","0","0","0","0"
"2691","0","0","1","0"
"2692","0","1","1","0"
"2693","0","1","1","1"
"2694","0","1","1","1"
"2695","0","1","1","1"
"2696","0","1","1","1"
"2697","0","1","1","1"
"2698","0","1","1","1"
"2699","0","1","1","1"
"2700","0","0","0","0"
"2701","0","0","0","0"
"2702","0","0","0","0"
"2703","0","0","0","0"
"2704","0","0","0","0"
"2705","0","0","0","0"
"2706","0","0","0","0"
"2707","0","0","0","0"
"2708","0","0","0","0"
"2709","0","0","0","0"
"2710","0","0","0","0"
"2711","0","1","1","0"
"2712","0","1","1","0"
"2713","0","1","1","1"
"2714","0","1","1","1"
"2715","0","1","1","1"
"2716","0","1","1","1"
"2717","0","1","1","1"
"2718","0","1","1","1"
"2719","0","1","1","1"
"2720","0","1","0","0"
"2721","0","0","0","0"
"2722","0","0","0","0"
"2723","0","0","0","0"
"2724","0","0","0","0"
"2725","0","0","0","0"
"2726","0","0","0","0"
"2727","0","0","0","0"
"2728","0","0","0","0"
"2729","0","0","0","0"
"2730","0","0","0","0"
"2731","0","0","1","0"
"2732","0","1","1","0"
"2733","0","1","1","1"
"2734","0","1","1","1"
"2735","0","1","1","1"
"2736","0","1","1","1"
"2737","0","1","1","1"
"2738","0","1","1","1"
"2739","0","1","1","1"
"2740","0","1","0","0"
"2741","0","1","0","0"
"2742","1","1","0","0"
"2743","1","1","0","0"
"2744","1","1","0","0"
"2745","0","0","0","0"
"2746","0","0","0","0"
"2747","0","0","0","0"
"2748","0","0","0","0"
"2749","0","0","0","0"
"2750","0","0","0","0"
"2751","0","0","1","0"
"2752","0","1","1","0"
"2753","0","1","1","1"
"2754","0","1","1","1"
"2755","0","1","1","1"
"2756","0","1","1","1"
"2757","0","1","1","1"
"2758","0","1","1","1"
"2759","0","1","1","1"
"2760","0","1","0","0"
"2761","0","1","0","0"
"2762","0","1","0","0"
"2763","0","1","0","0"
"2764","0","1","0","0"
"2765","0","1","0","0"
"2766","1","1","0","0"
"2767","1","1","0","0"
"2768","1","1","0","0"
"2769","1","1","0","0"
"2770","1","1","0","0"
"2771","1","1","1","0"
"2772","1","1","1","0"
"2773","1","1","1","1"
"2774","1","1","1","1"
"2775","1","1","1","1"
"2776","1","1","1","1"
"2777","1","1","1","1"
"2778","1","1","1","1"
"2779","1","1","1","1"
"2780","1","1","0","0"
"2781","1","1","0","0"
"2782","1","1","0","0"
"2783","1","1","0","0"
"2784","0","0","0","0"
"2785","0","0","0","0"
"2786","0","0","0","0"
"2787","0","0","0","0"
"2788","0","0","0","0"
"2789","0","0","0","0"
"2790","0","0","0","0"
"2791","0","0","1","0"
"2792","0","1","1","0"
"2793","0","1","1","1"
"2794","0","1","1","1"
"2795","0","1","1","1"
"2796","0","1","1","1"
"2797","0","1","1","1"
"2798","0","1","1","1"
"2799","0","1","1","1"
"2800","0","1","0","0"
"2801","0","1","0","0"
"2802","0","0","0","0"
"2803","0","0","0","0"
"2804","0","0","0","0"
"2805","0","0","0","0"
"2806","0","0","0","0"
"2807","0","0","0","0"
"2808","0","0","0","0"
"2809","0","0","0","0"
"2810","0","0","0","0"
"2811","0","0","1","0"
"2812","0","1","1","0"
"2813","0","1","1","1"
"2814","0","1","1","1"
"2815","0","1","1","1"
"2816","0","1","1","1"
"2817","0","1","1","1"
"2818","0","1","1","1"
"2819","0","1","1","1"
"2820","0","0","0","0"
"2821","0","0","0","0"
"2822","0","0","0","0"
"2823","0","0","0","0"
"2824","0","0","0","0"
"2825","0","0","0","0"
"2826","0","0","0","0"
"2827","0","0","0","0"
"2828","0","0","0","0"
"2829","0","0","0","0"
"2830","0","0","0","0"
"2831","0","0","1","0"
"2832","0","1","1","0"
"2833","0","1","1","1"
"2834","0","1","1","1"
"2835","0","1","1","1"
"2836","0","1","1","1"
"2837","0","1","1","1"
"2838","0","1","1","1"
"2839","0","1","1","1"
"2840","0","1","0","0"
"2841","0","1","0","0"
"2842","0","1","0","0"
"2843","0","1","0","0"
"2844","0","1","0","0"
"2845","1","1","0","0"
"2846","1","1","0","0"
"2847","1","1","0","0"
"2848","1","1","0","0"
"2849","0","0","0","0"
"2850","0","0","0","0"
"2851","0","0","1","0"
"2852","0","0","1","0"
"2853","0","1","1","1"
"2854","0","1","1","1"
"2855","0","1","1","1"
"2856","0","1","1","1"
"2857","0","1","1","1"
"2858","0","1","1","1"
"2859","0","1","1","1"
"2860","0","1","0","0"
"2861","0","1","0","0"
"2862","0","1","0","0"
"2863","0","0","0","0"
"2864","0","0","0","0"
"2865","0","0","0","0"
"2866","0","0","0","0"
"2867","0","1","0","0"
"2868","0","1","0","0"
"2869","0","1","0","0"
"2870","0","1","0","0"
"2871","0","1","1","0"
"2872","0","1","1","0"
"2873","0","1","1","1"
"2874","0","1","1","1"
"2875","0","1","1","1"
"2876","0","1","1","1"
"2877","0","1","1","1"
"2878","0","1","1","1"
"2879","0","1","1","1"
"2880","0","1","0","0"
"2881","0","1","0","0"
"2882","0","1","0","0"
"2883","0","1","0","0"
"2884","0","0","0","0"
"2885","0","0","0","0"
"2886","0","0","0","0"
"2887","0","0","0","0"
"2888","0","0","0","0"
"2889","0","0","0","0"
"2890","0","0","0","0"
"2891","0","0","1","0"
"2892","0","1","1","0"
"2893","0","1","1","1"
"2894","0","1","1","1"
"2895","0","1","1","1"
"2896","0","1","1","1"
"2897","0","1","1","1"
"2898","0","1","1","1"
"2899","0","1","1","1"
"2900","0","1","0","0"
"2901","0","1","0","0"
"2902","0","1","0","0"
"2903","0","1","0","0"
"2904","0","0","0","1"
"2905","0","0","0","0"
"2906","0","0","0","0"
"2907","0","0","0","0"
"2908","0","0","0","0"
"2909","0","0","0","0"
"2910","0","0","0","0"
"2911","0","0","1","0"
"2912","0","1","1","0"
"2913","0","1","1","1"
"2914","0","1","1","1"
"2915","0","1","1","1"
"2916","0","1","1","1"
"2917","0","1","1","1"
"2918","0","1","1","1"
"2919","0","1","1","1"
"2920","0","1","0","0"
"2921","0","1","0","0"
"2922","0","0","0","0"
"2923","0","0","0","0"
"2924","0","0","0","0"
"2925","0","0","0","0"
"2926","0","0","0","0"
"2927","0","0","0","0"
"2928","0","0","0","0"
"2929","0","0","0","0"
"2930","0","0","0","0"
"2931","0","1","1","0"
"2932","0","1","1","0"
"2933","0","1","1","1"
"2934","0","1","1","1"
"2935","0","1","1","1"
"2936","0","1","1","1"
"2937","0","1","1","1"
"2938","0","1","1","1"
"2939","0","1","1","1"
"2940","0","1","0","0"
"2941","0","1","0","0"
"2942","0","1","0","0"
"2943","0","1","0","0"
"2944","0","1","0","0"
"2945","0","1","0","0"
"2946","0","1","0","0"
"2947","0","1","0","0"
"2948","1","1","0","0"
"2949","1","1","0","0"
"2950","1","1","0","0"
"2951","1","1","1","0"
"2952","1","1","1","0"
"2953","1","1","1","1"
"2954","1","1","1","1"
"2955","1","1","1","1"
"2956","1","1","1","1"
"2957","1","1","1","1"
"2958","1","1","1","1"
"2959","1","1","1","1"
"2960","1","1","0","0"
"2961","1","1","0","0"
"2962","1","1","0","0"
"2963","1","1","0","0"
"2964","1","1","0","0"
"2965","1","1","0","0"
"2966","1","1","0","0"
"2967","1","1","0","0"
"2968","1","1","0","0"
"2969","1","1","0","0"
"2970","1","1","0","0"
"2971","1","1","1","0"
"2972","1","1","1","0"
"2973","1","1","1","1"
"2974","1","1","1","1"
"2975","1","1","1","1"
"2976","1","1","1","1"
"2977","1","1","1","1"
"2978","1","1","1","1"
"2979","1","1","1","1"
"2980","1","1","0","0"
"2981","1","1","0","0"
"2982","1","1","0","0"
"2983","1","1","0","0"
"2984","1","1","0","0"
"2985","1","1","0","0"
"2986","1","1","0","0"
"2987","1","1","0","0"
"2988","1","1","0","0"
"2989","0","0","0","1"
"2990","0","0","0","1"
"2991","0","0","1","1"
"2992","0","0","1","1"
"2993","0","1","1","1"
"2994","0","1","1","1"
"2995","0","1","1","1"
"2996","0","1","1","1"
"2997","0","1","1","1"
"2998","0","1","1","1"
"2999","0","1","1","1"
"3000","0","1","0","0"
"3001","0","1","0","0"
"3002","0","1","0","0"
"3003","0","1","0","0"
"3004","0","1","0","0"
"3005","0","1","0","0"
"3006","0","1","0","0"
"3007","0","0","0","0"
"3008","0","0","0","0"
"3009","0","0","0","0"
"3010","0","0","0","0"
"3011","0","1","1","0"
"3012","0","1","1","0"
"3013","0","1","1","1"
"3014","0","1","1","1"
"3015","0","1","1","1"
"3016","0","1","1","1"
"3017","0","1","1","1"
"3018","0","1","1","1"
"3019","0","1","1","1"
"3020","0","1","0","0"
"3021","0","1","0","0"
"3022","0","1","0","0"
"3023","0","1","0","0"
"3024","0","1","0","0"
"3025","0","0","0","0"
"3026","0","0","0","0"
"3027","0","0","0","0"
"3028","0","0","0","0"
"3029","0","0","0","0"
"3030","0","0","0","0"
"3031","0","0","1","0"
"3032","0","1","1","0"
"3033","0","1","1","1"
"3034","0","1","1","1"
"3035","0","1","1","1"
"3036","0","1","1","1"
"3037","0","1","1","1"
"3038","0","1","1","1"
"3039","0","1","1","1"
"3040","0","1","0","0"
"3041","0","1","0","0"
"3042","0","1","0","0"
"3043","0","1","0","0"
"3044","0","1","0","0"
"3045","0","1","0","0"
"3046","1","1","0","0"
"3047","1","1","0","0"
"3048","1","1","0","0"
"3049","1","1","0","0"
"3050","1","1","0","0"
"3051","1","1","1","0"
"3052","1","1","1","0"
"3053","1","1","1","1"
"3054","1","1","1","1"
"3055","1","1","1","1"
"3056","1","1","1","1"
"3057","1","1","1","1"
"3058","1","1","1","1"
"3059","1","1","1","1"
"3060","1","1","0","0"
"3061","1","1","0","0"
"3062","1","1","0","0"
"3063","1","1","0","0"
"3064","1","1","0","0"
"3065","1","1","0","0"
"3066","1","1","0","0"
"3067","1","1","0","0"
"3068","1","1","0","0"
"3069","1","1","0","0"
"3070","1","1","0","0"
"3071","1","1","1","0"
"3072","1","1","1","0"
"3073","1","1","1","1"
"3074","1","1","1","1"
"3075","1","1","1","1"
"3076","1","1","1","1"
"3077","1","1","1","1"
"3078","1","1","1","1"
"3079","1","1","1","1"
"3080","1","1","0","0"
"3081","1","1","0","0"
"3082","1","1","0","0"
"3083","1","1","0","0"
"3084","1","1","0","0"
"3085","1","1","0","0"
"3086","1","1","0","0"
"3087","0","0","0","1"
"3088","0","0","0","0"
"3089","0","0","1","0"
"3090","0","0","1","0"
"3091","0","0","1","0"
"3092","0","1","1","0"
"3093","0","1","1","1"
"3094","0","1","1","1"
"3095","0","1","1","1"
"3096","0","1","1","1"
"3097","0","1","1","1"
"3098","0","1","1","1"
"3099","0","1","1","1"
"3100","0","1","0","0"
"3101","0","1","0","0"
"3102","0","1","0","0"
"3103","0","1","0","0"
"3104","0","1","0","0"
"3105","0","1","0","0"
"3106","0","1","0","0"
"3107","0","1","0","0"
"3108","1","1","0","0"
"3109","1","1","0","0"
"3110","1","1","0","0"
"3111","1","1","1","0"
"3112","1","1","1","0"
"3113","1","1","1","1"
"3114","1","1","1","1"
"3115","1","1","1","1"
"3116","1","1","1","1"
"3117","1","1","1","1"
"3118","1","1","1","1"
"3119","1","1","1","1"
"3120","1","1","0","0"
"3121","1","1","0","0"
"3122","1","1","0","0"
"3123","1","1","0","0"
"3124","1","1","0","0"
"3125","1","1","0","0"
"3126","1","1","0","0"
"3127","0","0","0","0"
"3128","0","0","0","0"
"3129","0","0","0","0"
"3130","0","0","1","0"
"3131","0","0","1","0"
"3132","0","1","1","0"
"3133","0","1","1","1"
"3134","0","1","1","1"
"3135","0","1","1","1"
"3136","0","1","1","1"
"3137","0","1","1","1"
"3138","0","1","1","1"
"3139","0","1","1","1"
"3140","0","1","0","0"
"3141","0","1","0","0"
"3142","0","1","0","0"
"3143","0","1","0","0"
"3144","0","1","0","0"
"3145","0","1","0","0"
"3146","0","1","0","0"
"3147","0","1","0","0"
"3148","1","1","0","0"
"3149","1","1","0","0"
"3150","1","1","0","0"
"3151","1","1","1","0"
"3152","1","1","1","0"
"3153","1","1","1","1"
"3154","1","1","1","1"
"3155","1","1","1","1"
"3156","1","1","1","1"
"3157","1","1","1","1"
"3158","1","1","1","1"
"3159","1","1","1","1"
"3160","1","1","0","0"
"3161","1","1","0","0"
"3162","0","0","0","1"
"3163","0","0","0","0"
"3164","0","0","0","0"
"3165","0","0","0","0"
"3166","0","0","0","0"
"3167","0","0","0","0"
"3168","0","0","0","0"
"3169","0","0","0","0"
"3170","0","0","0","0"
"3171","0","0","1","0"
"3172","0","1","1","0"
"3173","0","1","1","1"
"3174","0","1","1","1"
"3175","0","1","1","1"
"3176","0","1","1","1"
"3177","0","1","1","1"
"3178","0","1","1","1"
"3179","0","1","1","1"
"3180","0","1","0","0"
"3181","0","1","0","0"
"3182","0","1","0","0"
"3183","0","1","0","0"
"3184","0","1","0","0"
"3185","0","1","0","0"
"3186","0","1","0","0"
"3187","0","1","0","0"
"3188","0","1","0","0"
"3189","1","1","0","0"
"3190","1","1","0","0"
"3191","1","1","1","0"
"3192","1","1","1","0"
"3193","1","1","1","1"
"3194","1","1","1","1"
"3195","1","1","1","1"
"3196","1","1","1","1"
"3197","1","1","1","1"
"3198","1","1","1","1"
"3199","1","1","1","1"
"3200","0","0","0","1"
"3201","0","0","0","0"
"3202","0","0","0","0"
"3203","0","0","0","0"
"3204","0","0","0","0"
"3205","0","0","0","0"
"3206","0","0","0","0"
"3207","0","0","0","0"
"3208","0","0","0","0"
"3209","0","0","0","0"
"3210","0","0","0","0"
"3211","0","0","1","0"
"3212","0","1","1","0"
"3213","0","1","1","1"
"3214","0","1","1","1"
"3215","0","1","1","1"
"3216","0","1","1","1"
"3217","0","1","1","1"
"3218","0","1","1","1"
"3219","0","1","1","1"
"3220","0","1","0","0"
"3221","1","1","0","0"
"3222","1","1","0","0"
"3223","1","1","0","0"
"3224","1","1","0","0"
"3225","1","1","0","0"
"3226","1","1","0","0"
"3227","1","1","0","0"
"3228","1","1","0","0"
"3229","1","1","0","0"
"3230","1","1","0","0"
"3231","1","1","1","0"
"3232","1","1","1","0"
"3233","1","1","1","1"
"3234","1","1","1","1"
"3235","1","1","1","1"
"3236","1","1","1","1"
"3237","1","1","1","1"
"3238","1","1","1","1"
"3239","1","1","1","1"
"3240","1","1","0","0"
"3241","1","1","0","0"
"3242","1","1","0","0"
"3243","1","1","0","0"
"3244","1","1","0","0"
"3245","1","1","0","0"
"3246","1","1","0","0"
"3247","1","1","0","0"
"3248","1","1","0","0"
"3249","1","1","0","0"
"3250","1","1","0","0"
"3251","1","1","1","0"
"3252","1","1","1","0"
"3253","1","1","1","1"
"3254","1","1","1","1"
"3255","1","1","1","1"
"3256","1","1","1","1"
"3257","1","1","1","1"
"3258","1","1","1","1"
"3259","1","1","1","1"
"3260","1","1","0","0"
"3261","1","1","0","0"
"3262","1","1","0","0"
"3263","1","1","0","0"
"3264","1","1","0","0"
"3265","1","1","0","0"
"3266","1","1","0","0"
"3267","1","1","0","0"
"3268","1","1","0","0"
"3269","1","1","0","0"
"3270","1","1","0","0"
"3271","1","1","1","0"
"3272","1","1","1","0"
"3273","1","1","1","1"
"3274","1","1","1","1"
"3275","1","1","1","1"
"3276","1","1","1","1"
"3277","1","1","1","1"
"3278","1","1","1","1"
"3279","1","1","1","1"
"3280","1","1","0","0"
"3281","1","1","0","0"
"3282","1","1","0","0"
"3283","1","1","0","0"
"3284","1","1","0","0"
"3285","1","1","0","0"
"3286","1","1","0","0"
"3287","1","1","0","0"
"3288","0","0","0","0"
"3289","0","0","0","0"
"3290","0","0","0","0"
"3291","0","0","1","0"
"3292","0","1","1","0"
"3293","0","1","1","1"
"3294","0","1","1","1"
"3295","0","1","1","1"
"3296","0","1","1","1"
"3297","0","1","1","1"
"3298","0","1","1","1"
"3299","0","1","1","1"
"3300","0","1","0","0"
"3301","0","0","0","0"
"3302","0","0","1","0"
"3303","0","0","1","0"
"3304","0","0","1","0"
"3305","0","0","0","0"
"3306","0","0","0","0"
"3307","0","0","0","0"
"3308","0","0","0","0"
"3309","0","0","0","0"
"3310","0","0","1","0"
"3311","0","0","1","0"
"3312","0","1","1","0"
"3313","0","1","1","1"
"3314","0","1","1","1"
"3315","0","1","1","1"
"3316","0","1","1","1"
"3317","0","1","1","1"
"3318","0","1","1","1"
"3319","0","1","1","1"
"3320","0","1","0","0"
"3321","0","1","0","0"
"3322","0","1","0","0"
"3323","0","1","0","0"
"3324","0","1","0","0"
"3325","0","1","0","0"
"3326","1","1","0","0"
"3327","1","1","0","0"
"3328","1","1","0","0"
"3329","1","1","0","0"
"3330","1","1","0","0"
"3331","1","1","1","0"
"3332","1","1","1","0"
"3333","1","1","1","1"
"3334","1","1","1","1"
"3335","1","1","1","1"
"3336","1","1","1","1"
"3337","1","1","1","1"
"3338","1","1","1","1"
"3339","1","1","1","1"
"3340","1","1","0","0"
"3341","1","1","0","0"
"3342","1","1","0","0"
"3343","1","1","0","0"
"3344","1","1","0","0"
"3345","1","1","0","0"
"3346","1","1","0","0"
"3347","1","1","0","0"
"3348","1","1","0","0"
"3349","1","1","0","0"
"3350","1","1","0","0"
"3351","1","1","1","0"
"3352","1","1","1","0"
"3353","1","1","1","1"
"3354","1","1","1","1"
"3355","1","1","1","1"
"3356","1","1","1","1"
"3357","1","1","1","1"
"3358","1","1","1","1"
"3359","1","1","1","1"
"3360","1","1","0","0"
"3361","1","1","0","0"
"3362","1","1","0","0"
"3363","1","1","0","0"
"3364","0","0","0","0"
"3365","0","0","0","0"
"3366","0","0","0","0"
"3367","0","0","0","0"
"3368","0","0","0","0"
"3369","0","0","0","0"
"3370","0","0","0","0"
"3371","0","0","1","0"
"3372","0","1","1","0"
"3373","0","1","1","1"
"3374","0","1","1","1"
"3375","0","1","1","1"
"3376","0","1","1","1"
"3377","0","1","1","1"
"3378","0","1","1","1"
"3379","0","1","1","1"
"3380","0","1","0","0"
"3381","0","1","0","0"
"3382","0","1","0","0"
"3383","0","1","0","0"
"3384","0","1","0","0"
"3385","0","1","0","0"
"3386","0","0","0","0"
"3387","0","0","0","0"
"3388","0","0","0","0"
"3389","0","0","0","0"
"3390","0","0","1","0"
"3391","0","0","1","0"
"3392","0","1","1","0"
"3393","0","1","1","1"
"3394","0","1","1","1"
"3395","0","1","1","1"
"3396","0","1","1","1"
"3397","0","1","1","1"
"3398","0","1","1","1"
"3399","0","1","1","1"
"3400","0","1","0","0"
"3401","0","1","0","0"
"3402","0","1","0","0"
"3403","0","0","0","0"
"3404","0","0","0","0"
"3405","0","0","0","0"
"3406","0","0","0","0"
"3407","0","0","0","0"
"3408","0","0","0","0"
"3409","0","0","0","0"
"3410","0","0","0","0"
"3411","0","0","1","0"
"3412","0","1","1","0"
"3413","0","1","1","1"
"3414","0","1","1","1"
"3415","0","1","1","1"
"3416","0","1","1","1"
"3417","0","1","1","1"
"3418","0","1","1","1"
"3419","0","1","1","1"
"3420","0","1","0","0"
"3421","0","1","0","0"
"3422","0","0","0","0"
"3423","0","0","0","0"
"3424","0","0","0","0"
"3425","0","0","0","0"
"3426","0","0","0","0"
"3427","0","0","0","0"
"3428","0","0","0","0"
"3429","0","0","0","0"
"3430","0","0","0","0"
"3431","0","0","1","0"
"3432","0","1","1","0"
"3433","0","1","1","1"
"3434","0","1","1","1"
"3435","0","1","1","1"
"3436","0","1","1","1"
"3437","0","1","1","1"
"3438","0","1","1","1"
"3439","0","1","1","1"
"3440","0","1","0","0"
"3441","0","1","0","0"
"3442","0","1","0","0"
"3443","1","1","0","0"
"3444","1","1","0","0"
"3445","1","1","0","0"
"3446","1","1","0","0"
"3447","1","1","0","0"
"3448","0","0","0","0"
"3449","0","0","0","0"
"3450","0","0","1","0"
"3451","0","0","1","0"
"3452","0","1","1","0"
"3453","0","1","1","1"
"3454","0","1","1","1"
"3455","0","1","1","1"
"3456","0","1","1","1"
"3457","0","1","1","1"
"3458","0","1","1","1"
"3459","0","1","1","1"
"3460","0","1","0","0"
"3461","0","1","0","0"
"3462","0","1","0","0"
"3463","0","1","0","0"
"3464","0","1","0","0"
"3465","0","1","0","0"
"3466","0","1","0","0"
"3467","0","1","0","0"
"3468","0","1","0","0"
"3469","1","1","0","0"
"3470","1","1","0","0"
"3471","1","1","1","0"
"3472","1","1","1","0"
"3473","1","1","1","1"
"3474","1","1","1","1"
"3475","1","1","1","1"
"3476","1","1","1","1"
"3477","1","1","1","1"
"3478","1","1","1","1"
"3479","1","1","1","1"
"3480","1","1","0","0"
"3481","1","1","0","0"
"3482","0","0","0","0"
"3483","0","0","0","0"
"3484","0","0","0","0"
"3485","0","0","0","0"
"3486","0","0","0","0"
"3487","0","0","0","0"
"3488","0","0","0","0"
"3489","0","0","0","0"
"3490","0","0","0","0"
"3491","0","0","1","0"
"3492","0","1","1","0"
"3493","0","1","1","1"
"3494","0","1","1","1"
"3495","0","1","1","1"
"3496","0","1","1","1"
"3497","0","1","1","1"
"3498","0","1","1","1"
"3499","0","1","1","1"
"3500","0","1","0","0"
"3501","0","1","0","0"
"3502","0","1","0","0"
"3503","1","1","0","0"
"3504","1","1","0","0"
"3505","1","1","0","0"
"3506","1","1","0","0"
"3507","1","1","0","0"
"3508","1","1","0","0"
"3509","1","1","0","0"
"3510","1","1","0","0"
"3511","1","1","1","0"
"3512","1","1","1","0"
"3513","1","1","1","1"
"3514","1","1","1","1"
"3515","1","1","1","1"
"3516","1","1","1","1"
"3517","1","1","1","1"
"3518","1","1","1","1"
"3519","1","1","1","1"
"3520","1","1","0","0"
"3521","1","1","0","0"
"3522","1","1","0","0"
"3523","1","1","0","0"
"3524","1","1","0","0"
"3525","1","1","0","0"
"3526","1","1","0","0"
"3527","1","1","0","0"
"3528","1","1","0","0"
"3529","1","1","0","0"
"3530","1","1","0","0"
"3531","1","1","1","0"
"3532","1","1","1","0"
"3533","1","1","1","1"
"3534","1","1","1","1"
"3535","1","1","1","1"
"3536","1","1","1","1"
"3537","1","1","1","1"
"3538","1","1","1","1"
"3539","1","1","1","1"
"3540","1","1","0","0"
"3541","1","1","0","0"
"3542","0","0","0","1"
"3543","0","0","0","0"
"3544","0","0","0","0"
"3545","0","0","0","0"
"3546","0","0","0","0"
"3547","0","0","0","0"
"3548","0","0","0","0"
"3549","0","0","0","0"
"3550","0","0","0","0"
"3551","0","0","1","0"
"3552","0","1","1","0"
"3553","0","1","1","1"
"3554","0","1","1","1"
"3555","0","1","1","1"
"3556","0","1","1","1"
"3557","0","1","1","1"
"3558","0","1","1","1"
"3559","0","1","1","1"
"3560","0","1","0","0"
"3561","0","1","0","0"
"3562","0","1","0","0"
"3563","1","1","0","0"
"3564","1","1","0","0"
"3565","1","1","0","0"
"3566","1","1","0","0"
"3567","1","1","0","0"
"3568","1","1","0","0"
"3569","1","1","0","0"
"3570","1","1","0","0"
"3571","1","1","1","0"
"3572","1","1","1","0"
"3573","1","1","1","1"
"3574","1","1","1","1"
"3575","1","1","1","1"
"3576","1","1","1","1"
"3577","1","1","1","1"
"3578","1","1","1","1"
"3579","1","1","1","1"
"3580","1","1","0","0"
"3581","1","1","0","0"
"3582","1","1","0","0"
"3583","1","1","0","0"
"3584","1","1","0","0"
"3585","1","1","0","0"
"3586","1","1","0","0"
"3587","1","1","0","0"
"3588","0","0","0","0"
"3589","0","0","0","0"
"3590","0","0","1","0"
"3591","0","0","1","0"
"3592","0","1","1","0"
"3593","0","1","1","1"
"3594","0","1","1","1"
"3595","0","1","1","1"
"3596","0","1","1","1"
"3597","0","1","1","1"
"3598","0","1","1","1"
"3599","0","1","1","1"
"3600","0","1","0","0"
"3601","0","1","0","0"
"3602","0","0","0","0"
