t,p,r,s
0,True,False,False
1,False,False,False
2,False,True,True
3,False,False,True
4,False,False,True
5,False,False,False
6,False,False,False
7,False,False,False
8,True,False,False
9,False,False,False
10,False,True,True
11,False,False,True
12,False,False,True
13,False,False,False
14,False,False,False
15,False,False,False
16,False,False,False
17,False,False,False
18,False,False,False
19,False,False,False
20,False,False,False
21,False,False,False
22,False,False,False
23,False,False,False
24,False,False,False
25,False,False,False
26,False,False,False
27,True,False,False
28,False,True,True
29,False,False,True
30,False,False,True
31,False,False,False
32,False,False,False
33,False,False,False
34,True,False,False
35,False,False,False
36,False,True,True
37,False,False,True
38,False,False,True
39,False,False,False
40,False,False,False
41,False,False,False
42,False,False,False
43,False,False,False
44,False,False,False
45,False,False,False
46,False,False,False
47,False,False,False
48,False,False,False
49,False,False,False
50,False,False,False
51,True,False,False
52,False,False,False
53,False,False,False
54,False,True,True
55,False,False,True
56,False,False,True
57,False,False,False
58,False,False,False
59,False,False,False
60,False,False,False
61,False,False,False
62,False,False,False
63,False,False,False
64,False,False,False
65,False,False,False
66,False,False,False
67,False,False,False
68,False,False,False
69,False,False,False
70,True,False,False
71,False,False,False
72,False,True,True
73,False,False,True
74,False,False,True
75,False,False,False
76,False,False,False
77,False,False,False
78,False,False,False
79,False,False,False
80,False,False,False
81,False,False,False
82,False,False,False
83,False,False,False
84,False,False,False
85,False,False,False
86,False,False,False
87,False,False,False
88,False,False,False
89,True,False,False
90,False,False,False
91,False,True,True
92,False,False,True
93,False,False,True
94,False,False,False
95,True,False,False
96,False,False,False
97,False,True,True
98,False,False,True
99,False,False,True
100,False,False,False
101,False,False,False
102,False,False,False
103,False,False,False
104,False,False,False
105,False,False,False
106,False,False,False
107,False,False,False
108,False,False,False
109,False,False,False
110,False,False,False
111,True,False,False
112,False,False,False
113,False,True,True
114,False,False,True
115,False,False,True
116,False,False,False
117,False,False,False
118,False,False,False
119,False,False,False
120,False,False,False
121,False,False,False
122,True,False,False
123,False,False,False
124,False,True,True
125,False,False,True
126,False,False,True
127,False,False,False
128,False,False,False
129,False,False,False
130,False,False,False
131,False,False,False
132,False,False,False
133,True,False,False
134,False,False,False
135,False,False,False
136,False,True,True
137,False,False,True
138,False,False,True
139,False,False,False
140,False,False,False
141,False,False,False
142,False,False,False
143,False,False,False
144,False,False,False
145,False,False,False
146,True,False,False
147,False,True,True
148,False,False,True
149,False,False,True
150,False,False,False
151,False,False,False
152,True,False,False
153,False,False,False
154,False,False,False
155,False,True,True
156,False,False,True
157,False,False,True
158,False,False,False
159,False,False,False
160,False,False,False
161,False,False,False
162,False,False,False
163,True,False,False
164,False,True,True
165,False,False,True
166,False,False,True
167,False,False,False
168,False,False,False
169,False,False,False
170,False,False,False
171,False,False,False
172,False,False,False
173,False,False,False
174,False,False,False
175,False,False,False
176,False,False,False
177,False,False,False
178,False,False,False
179,False,False,False
180,False,False,False
181,True,False,False
182,False,False,False
183,False,True,True
184,False,False,True
185,False,False,True
186,False,False,False
187,False,False,False
188,True,False,False
189,False,True,True
190,False,False,True
191,False,False,True
192,False,False,False
193,False,False,False
194,False,False,False
195,True,False,False
196,False,True,True
197,False,False,True
198,False,False,True
199,False,False,False
200,False,False,False
201,False,False,False
202,True,False,False
203,False,False,False
204,False,False,False
205,False,True,True
206,False,False,True
207,False,False,True
208,False,False,False
209,False,False,False
210,False,False,False
211,False,False,False
212,False,False,False
213,False,False,False
214,False,False,False
215,False,False,False
216,True,False,False
217,False,False,False
218,False,True,True
219,False,False,True
220,False,False,True
221,False,False,False
222,False,False,False
223,False,False,False
224,False,False,False
225,False,False,False
226,False,False,False
227,False,False,False
228,False,False,False
229,False,False,False
230,True,False,False
231,False,False,False
232,False,False,False
233,False,True,True
234,False,False,True
235,False,False,True
236,False,False,False
237,False,False,False
238,False,False,False
239,False,False,False
240,False,False,False
241,False,False,False
242,False,False,False
243,False,False,False
244,True,False,False
245,False,False,False
246,False,False,False
247,False,True,True
248,False,False,True
249,False,False,True
250,False,False,False
251,True,False,False
252,False,False,False
253,False,False,False
254,False,True,True
255,False,False,True
256,False,False,True
257,False,False,False
258,False,False,False
259,False,False,False
260,False,False,False
261,False,False,False
262,False,False,False
263,False,False,False
264,False,False,False
265,False,False,False
266,False,False,False
267,False,False,False
268,True,False,False
269,False,True,True
270,False,False,True
271,False,False,True
272,False,False,False
273,False,False,False
274,False,False,False
275,False,False,False
276,False,False,False
277,False,False,False
278,False,False,False
279,False,False,False
280,False,False,False
281,False,False,False
282,False,False,False
283,False,False,False
284,False,False,False
285,False,False,False
286,False,False,False
287,True,False,False
288,False,False,False
289,False,True,True
290,False,False,True
291,False,False,True
292,False,False,False
293,False,False,False
294,False,False,False
295,False,False,False
296,False,False,False
297,False,False,False
298,False,False,False
299,False,False,False
300,False,False,False
301,False,False,False
302,True,False,False
303,False,True,True
304,False,False,True
305,False,False,True
306,False,False,False
307,False,False,False
308,False,False,False
309,True,False,False
310,False,False,False
311,False,False,False
312,False,True,True
313,False,False,True
314,False,False,True
315,False,False,False
316,True,False,False
317,False,True,True
318,False,False,True
319,False,False,True
320,False,False,False
321,False,False,False
322,False,False,False
323,False,False,False
324,False,False,False
325,False,False,False
326,False,False,False
327,False,False,False
328,True,False,False
329,False,False,False
330,False,False,False
331,False,True,True
332,False,False,True
333,False,False,True
334,False,False,False
335,False,False,False
336,False,False,False
337,False,False,False
338,False,False,False
339,False,False,False
340,True,False,False
341,False,False,False
342,False,True,True
343,False,False,True
344,False,False,True
345,True,False,False
346,False,False,False
347,False,True,True
348,False,False,True
349,False,False,True
350,True,False,False
351,False,False,False
352,False,False,False
353,False,True,True
354,False,False,True
355,False,False,True
356,False,False,False
357,True,False,False
358,False,True,True
359,False,False,True
360,False,False,True
361,False,False,False
362,False,False,False
363,True,False,False
364,False,False,False
365,False,True,True
366,False,False,True
367,False,False,True
368,False,False,False
369,False,False,False
370,False,False,False
371,False,False,False
372,True,False,False
373,False,False,False
374,False,True,True
375,False,False,True
376,False,False,True
377,False,False,False
378,False,False,False
379,False,False,False
380,False,False,False
381,False,False,False
382,True,False,False
383,False,False,False
384,False,True,True
385,False,False,True
386,False,False,True
387,False,False,False
388,False,False,False
389,False,False,False
390,False,False,False
391,False,False,False
392,False,False,False
393,False,False,False
394,False,False,False
395,True,False,False
396,False,False,False
397,False,False,False
398,False,True,True
399,False,False,True
400,False,False,True
401,False,False,False
402,False,False,False
403,False,False,False
404,False,False,False
405,False,False,False
406,True,False,False
407,False,False,False
408,False,False,False
409,False,True,True
410,False,False,True
411,False,False,True
412,False,False,False
413,False,False,False
414,False,False,False
415,False,False,False
416,False,False,False
417,False,False,False
418,False,False,False
419,False,False,False
420,False,False,False
421,False,False,False
422,True,False,False
423,False,True,True
424,False,False,True
425,False,False,True
426,False,False,False
427,False,False,False
428,False,False,False
429,False,False,False
430,False,False,False
431,False,False,False
432,False,False,False
433,False,False,False
434,False,False,False
435,False,False,False
436,False,False,False
437,False,False,False
438,True,False,False
439,False,False,False
440,False,False,False
441,False,True,True
442,False,False,True
443,False,False,True
444,True,False,False
445,False,False,False
446,False,True,True
447,False,False,True
448,False,False,True
449,False,False,False
450,False,False,False
451,False,False,False
452,False,False,False
453,False,False,False
454,True,False,False
455,False,False,False
456,False,True,True
457,False,False,True
458,False,False,True
459,False,False,False
460,False,False,False
461,False,False,False
462,False,False,False
463,False,False,False
464,False,False,False
465,False,False,False
466,False,False,False
467,False,False,False
468,False,False,False
469,False,False,False
470,False,False,False
471,False,False,False
472,True,False,False
473,False,False,False
474,False,False,False
475,False,True,True
476,False,False,True
477,False,False,True
478,True,False,False
479,False,False,False
480,False,True,True
481,False,False,True
482,False,False,True
483,False,False,False
484,False,False,False
485,False,False,False
486,False,False,False
487,False,False,False
488,False,False,False
489,False,False,False
490,False,False,False
491,False,False,False
492,False,False,False
493,False,False,False
494,True,False,False
495,False,True,True
496,False,False,True
497,False,False,True
498,False,False,False
499,False,False,False
500,False,False,False
501,False,False,False
502,False,False,False
503,False,False,False
504,False,False,False
505,False,False,False
506,False,False,False
507,False,False,False
508,False,False,False
509,True,False,False
510,False,False,False
511,False,False,False
512,False,True,True
513,False,False,True
514,False,False,True
515,True,False,False
516,False,True,True
517,False,False,True
518,False,False,True
519,False,False,False
520,False,False,False
521,False,False,False
522,False,False,False
523,True,False,False
524,False,True,True
525,False,False,True
526,False,False,True
527,False,False,False
528,False,False,False
529,False,False,False
530,False,False,False
531,False,False,False
532,False,False,False
533,False,False,False
534,False,False,False
535,False,False,False
536,False,False,False
537,False,False,False
538,True,False,False
539,False,False,False
540,False,False,False
541,False,True,True
542,False,False,True
543,False,False,True
544,False,False,False
545,False,False,False
546,False,False,False
547,False,False,False
548,False,False,False
549,False,False,False
550,False,False,False
551,True,False,False
552,False,False,False
553,False,True,True
554,False,False,True
555,False,False,True
556,False,False,False
557,True,False,False
558,False,False,False
559,False,False,False
560,False,True,True
561,False,False,True
562,False,False,True
563,True,False,False
564,False,False,False
565,False,False,False
566,False,True,True
567,False,False,True
568,False,False,True
569,False,False,False
570,False,False,False
571,False,False,False
572,False,False,False
573,False,False,False
574,False,False,False
575,False,False,False
576,False,False,False
577,True,False,False
578,False,False,False
579,False,False,False
580,False,True,True
581,False,False,True
582,False,False,True
583,False,False,False
584,False,False,False
585,False,False,False
586,False,False,False
587,False,False,False
588,False,False,False
589,False,False,False
590,False,False,False
591,False,False,False
592,False,False,False
593,False,False,False
594,False,False,False
595,False,False,False
596,False,False,False
597,True,False,False
598,False,True,True
599,False,False,True
600,False,False,True
601,False,False,False
602,False,False,False
603,False,False,False
604,False,False,False
605,False,False,False
606,False,False,False
607,False,False,False
608,False,False,False
609,False,False,False
610,True,False,False
611,False,False,False
612,False,False,False
613,False,True,True
614,False,False,True
615,False,False,True
616,False,False,False
617,False,False,False
618,True,False,False
619,False,False,False
620,False,True,True
621,False,False,True
622,False,False,True
623,False,False,False
624,False,False,False
625,False,False,False
626,False,False,False
627,False,False,False
628,False,False,False
629,False,False,False
630,False,False,False
631,False,False,False
632,False,False,False
633,False,False,False
634,False,False,False
635,False,False,False
636,False,False,False
637,True,False,False
638,False,False,False
639,False,True,True
640,False,False,True
641,False,False,True
642,False,False,False
643,False,False,False
644,False,False,False
645,False,False,False
646,True,False,False
647,False,True,True
648,False,False,True
649,False,False,True
650,False,False,False
651,False,False,False
652,False,False,False
653,False,False,False
654,False,False,False
655,False,False,False
656,False,False,False
657,False,False,False
658,False,False,False
659,True,False,False
660,False,False,False
661,False,False,False
662,False,True,True
663,False,False,True
664,False,False,True
665,False,False,False
666,False,False,False
667,False,False,False
668,False,False,False
669,False,False,False
670,False,False,False
671,True,False,False
672,False,False,False
673,False,True,True
674,False,False,True
675,False,False,True
676,False,False,False
677,False,False,False
678,False,False,False
679,False,False,False
680,False,False,False
681,False,False,False
682,False,False,False
683,False,False,False
684,False,False,False
685,True,False,False
686,False,False,False
687,False,False,False
688,False,True,True
689,False,False,True
690,False,False,True
691,True,False,False
692,False,True,True
693,False,False,True
694,False,False,True
695,False,False,False
696,False,False,False
697,False,False,False
698,False,False,False
699,False,False,False
700,False,False,False
701,False,False,False
702,False,False,False
703,False,False,False
704,False,False,False
705,True,False,False
706,False,True,True
707,False,False,True
708,False,False,True
709,False,False,False
710,False,False,False
711,False,False,False
712,False,False,False
713,True,False,False
714,False,False,False
715,False,False,False
716,False,True,True
717,False,False,True
718,False,False,True
719,False,False,False
720,False,False,False
721,False,False,False
722,False,False,False
723,False,False,False
724,True,False,False
725,False,True,True
726,False,False,True
727,False,False,True
728,False,False,False
729,False,False,False
730,False,False,False
731,False,False,False
732,False,False,False
733,False,False,False
734,True,False,False
735,False,True,True
736,False,False,True
737,False,False,True
738,True,False,False
739,False,True,True
740,False,False,True
741,False,False,True
742,False,False,False
743,False,False,False
744,False,False,False
745,True,False,False
746,False,False,False
747,False,False,False
748,False,True,True
749,False,False,True
750,False,False,True
751,True,False,False
752,False,False,False
753,False,True,True
754,False,False,True
755,False,False,True
756,False,False,False
757,False,False,False
758,False,False,False
759,False,False,False
760,False,False,False
761,False,False,False
762,False,False,False
763,False,False,False
764,False,False,False
765,False,False,False
766,True,False,False
767,False,True,True
768,False,False,True
769,False,False,True
770,True,False,False
771,False,True,True
772,False,False,True
773,False,False,True
774,False,False,False
775,False,False,False
776,False,False,False
777,True,False,False
778,False,False,False
779,False,True,True
780,False,False,True
781,False,False,True
782,False,False,False
783,True,False,False
784,False,False,False
785,False,False,False
786,False,True,True
787,False,False,True
788,False,False,True
789,False,False,False
790,False,False,False
791,False,False,False
792,False,False,False
793,False,False,False
794,False,False,False
795,False,False,False
796,False,False,False
797,False,False,False
798,True,False,False
799,False,False,False
800,False,True,True
801,False,False,True
802,False,False,True
803,False,False,False
804,False,False,False
805,False,False,False
806,False,False,False
807,False,False,False
808,False,False,False
809,False,False,False
810,True,False,False
811,False,True,True
812,False,False,True
813,False,False,True
814,False,False,False
815,False,False,False
816,False,False,False
817,False,False,False
818,True,False,False
819,False,False,False
820,False,True,True
821,False,False,True
822,False,False,True
823,False,False,False
824,False,False,False
825,False,False,False
826,False,False,False
827,True,False,False
828,False,False,False
829,False,False,False
830,False,True,True
831,False,False,True
832,False,False,True
833,True,False,False
834,False,False,False
835,False,True,True
836,False,False,True
837,False,False,True
838,True,False,False
839,False,False,False
840,False,False,False
841,False,True,True
842,False,False,True
843,False,False,True
844,False,False,False
845,True,False,False
846,False,True,True
847,False,False,True
848,False,False,True
849,False,False,False
850,False,False,False
851,False,False,False
852,False,False,False
853,False,False,False
854,False,False,False
855,False,False,False
856,False,False,False
857,False,False,False
858,False,False,False
859,True,False,False
860,False,False,False
861,False,False,False
862,False,True,True
863,False,False,True
864,False,False,True
865,False,False,False
866,False,False,False
867,False,False,False
868,False,False,False
869,True,False,False
870,False,False,False
871,False,True,True
872,False,False,True
873,False,False,True
874,True,False,False
875,False,False,False
876,False,False,False
877,False,True,True
878,False,False,True
879,False,False,True
880,True,False,False
881,False,True,True
882,False,False,True
883,False,False,True
884,False,False,False
885,False,False,False
886,False,False,False
887,False,False,False
888,False,False,False
889,False,False,False
890,True,False,False
891,False,False,False
892,False,False,False
893,False,True,True
894,False,False,True
895,False,False,True
896,False,False,False
897,False,False,False
898,False,False,False
899,False,False,False
900,False,False,False
901,False,False,False
902,False,False,False
903,False,False,False
904,True,False,False
905,False,False,False
906,False,False,False
907,False,True,True
908,False,False,True
909,False,False,True
910,False,False,False
911,False,False,False
912,False,False,False
913,False,False,False
914,False,False,False
915,False,False,False
916,True,False,False
917,False,False,False
918,False,False,False
919,False,True,True
920,False,False,True
921,False,False,True
922,False,False,False
923,False,False,False
924,False,False,False
925,False,False,False
926,False,False,False
927,False,False,False
928,False,False,False
929,False,False,False
930,False,False,False
931,False,False,False
932,False,False,False
933,True,False,False
934,False,False,False
935,False,True,True
936,False,False,True
937,False,False,True
938,True,False,False
939,False,False,False
940,False,True,True
941,False,False,True
942,False,False,True
943,True,False,False
944,False,True,True
945,False,False,True
946,False,False,True
947,False,False,False
948,False,False,False
949,False,False,False
950,False,False,False
951,False,False,False
952,False,False,False
953,False,False,False
954,False,False,False
955,False,False,False
956,False,False,False
957,False,False,False
958,False,False,False
959,True,False,False
960,False,False,False
961,False,False,False
962,False,True,True
963,False,False,True
964,False,False,True
965,False,False,False
966,False,False,False
967,False,False,False
968,False,False,False
969,False,False,False
970,False,False,False
971,False,False,False
972,False,False,False
973,True,False,False
974,False,False,False
975,False,True,True
976,False,False,True
977,False,False,True
978,False,False,False
979,True,False,False
980,False,False,False
981,False,True,True
982,False,False,True
983,False,False,True
984,True,False,False
985,False,False,False
986,False,False,False
987,False,True,True
988,False,False,True
989,False,False,True
990,False,False,False
991,False,False,False
992,False,False,False
993,False,False,False
994,False,False,False
995,False,False,False
996,False,False,False
997,False,False,False
998,True,False,False
999,False,True,True
1000,False,False,True
1001,False,False,True
1002,True,False,False
1003,False,False,False
1004,False,True,True
1005,False,False,True
1006,False,False,True
1007,False,False,False
1008,False,False,False
1009,False,False,False
1010,False,False,False
1011,False,False,False
1012,False,False,False
1013,False,False,False
1014,False,False,False
1015,False,False,False
1016,False,False,False
1017,False,False,False
1018,False,False,False
1019,True,False,False
1020,False,True,True
1021,False,False,True
1022,False,False,True
1023,False,False,False
1024,False,False,False
1025,False,False,False
1026,False,False,False
1027,True,False,False
1028,False,True,True
1029,False,False,True
1030,False,False,True
1031,False,False,False
1032,False,False,False
1033,False,False,False
1034,True,False,False
1035,False,True,True
1036,False,False,True
1037,False,False,True
1038,True,False,False
1039,False,True,True
1040,False,False,True
1041,False,False,True
1042,True,False,False
1043,False,False,False
1044,False,False,False
1045,False,True,True
1046,False,False,True
1047,False,False,True
1048,False,False,False
1049,False,False,False
1050,False,False,False
1051,False,False,False
1052,True,False,False
1053,False,False,False
1054,False,False,False
1055,False,True,True
1056,False,False,True
1057,False,False,True
1058,True,False,False
1059,False,False,False
1060,False,True,True
1061,False,False,True
1062,False,False,True
1063,True,False,False
1064,False,False,False
1065,False,True,True
1066,False,False,True
1067,False,False,True
1068,False,False,False
1069,False,False,False
1070,False,False,False
1071,False,False,False
1072,True,False,False
1073,False,True,True
1074,False,False,True
1075,False,False,True
1076,False,False,False
1077,False,False,False
1078,False,False,False
1079,False,False,False
1080,False,False,False
1081,False,False,False
1082,False,False,False
1083,False,False,False
1084,False,False,False
1085,False,False,False
1086,False,False,False
1087,False,False,False
1088,False,False,False
1089,False,False,False
1090,True,False,False
1091,False,True,True
1092,False,False,True
1093,False,False,True
1094,False,False,False
1095,False,False,False
1096,False,False,False
1097,False,False,False
1098,False,False,False
1099,False,False,False
1100,False,False,False
1101,False,False,False
1102,False,False,False
1103,False,False,False
1104,True,False,False
1105,False,False,False
1106,False,False,False
1107,False,True,True
1108,False,False,True
1109,False,False,True
1110,False,False,False
1111,True,False,False
1112,False,True,True
1113,False,False,True
1114,False,False,True
1115,False,False,False
1116,False,False,False
1117,False,False,False
1118,False,False,False
1119,True,False,False
1120,False,True,True
1121,False,False,True
1122,False,False,True
1123,False,False,False
1124,False,False,False
1125,False,False,False
1126,False,False,False
1127,True,False,False
1128,False,True,True
1129,False,False,True
1130,False,False,True
1131,False,False,False
1132,False,False,False
1133,False,False,False
1134,False,False,False
1135,False,False,False
1136,False,False,False
1137,False,False,False
1138,False,False,False
1139,False,False,False
1140,False,False,False
1141,False,False,False
1142,False,False,False
1143,False,False,False
1144,False,False,False
1145,True,False,False
1146,False,True,True
1147,False,False,True
1148,False,False,True
1149,False,False,False
1150,False,False,False
1151,False,False,False
1152,False,False,False
1153,False,False,False
1154,False,False,False
1155,True,False,False
1156,False,False,False
1157,False,False,False
1158,False,True,True
1159,False,False,True
1160,False,False,True
1161,True,False,False
1162,False,False,False
1163,False,False,False
1164,False,True,True
1165,False,False,True
1166,False,False,True
1167,False,False,False
1168,False,False,False
1169,False,False,False
1170,False,False,False
1171,True,False,False
1172,False,False,False
1173,False,False,False
1174,False,True,True
1175,False,False,True
1176,False,False,True
1177,False,False,False
1178,False,False,False
1179,False,False,False
1180,True,False,False
1181,False,False,False
1182,False,True,True
1183,False,False,True
1184,False,False,True
1185,True,False,False
1186,False,False,False
1187,False,False,False
1188,False,True,True
1189,False,False,True
1190,False,False,True
1191,False,False,False
1192,False,False,False
1193,False,False,False
1194,False,False,False
1195,False,False,False
1196,False,False,False
1197,False,False,False
1198,False,False,False
1199,True,False,False
1200,False,False,False
1201,False,False,False
1202,False,True,True
1203,False,False,True
1204,False,False,True
1205,False,False,False
1206,False,False,False
1207,False,False,False
1208,False,False,False
1209,False,False,False
1210,False,False,False
1211,False,False,False
1212,False,False,False
1213,True,False,False
1214,False,False,False
1215,False,True,True
1216,False,False,True
1217,False,False,True
1218,False,False,False
1219,True,False,False
1220,False,False,False
1221,False,False,False
1222,False,True,True
1223,False,False,True
1224,False,False,True
1225,False,False,False
1226,False,False,False
1227,False,False,False
1228,False,False,False
1229,False,False,False
1230,False,False,False
1231,False,False,False
1232,False,False,False
1233,False,False,False
1234,False,False,False
1235,False,False,False
1236,True,False,False
1237,False,True,True
1238,False,False,True
1239,False,False,True
1240,False,False,False
1241,False,False,False
1242,False,False,False
1243,False,False,False
1244,False,False,False
1245,False,False,False
1246,False,False,False
1247,False,False,False
1248,False,False,False
1249,False,False,False
1250,False,False,False
1251,False,False,False
1252,False,False,False
1253,False,False,False
1254,True,False,False
1255,False,True,True
1256,False,False,True
1257,False,False,True
1258,False,False,False
1259,False,False,False
1260,False,False,False
1261,False,False,False
1262,False,False,False
1263,False,False,False
1264,False,False,False
1265,False,False,False
1266,False,False,False
1267,False,False,False
1268,False,False,False
1269,False,False,False
1270,True,False,False
1271,False,False,False
1272,False,False,False
1273,False,True,True
1274,False,False,True
1275,False,False,True
1276,True,False,False
1277,False,False,False
1278,False,False,False
1279,False,True,True
1280,False,False,True
1281,False,False,True
1282,True,False,False
1283,False,False,False
1284,False,True,True
1285,False,False,True
1286,False,False,True
1287,False,False,False
1288,False,False,False
1289,False,False,False
1290,False,False,False
1291,False,False,False
1292,False,False,False
1293,False,False,False
1294,False,False,False
1295,False,False,False
1296,False,False,False
1297,False,False,False
1298,False,False,False
1299,True,False,False
1300,False,False,False
1301,False,False,False
1302,False,True,True
1303,False,False,True
1304,False,False,True
1305,False,False,False
1306,True,False,False
1307,False,False,False
1308,False,True,True
1309,False,False,True
1310,False,False,True
1311,True,False,False
1312,False,False,False
1313,False,True,True
1314,False,False,True
1315,False,False,True
1316,False,False,False
1317,False,False,False
1318,False,False,False
1319,False,False,False
1320,False,False,False
1321,False,False,False
1322,False,False,False
1323,True,False,False
1324,False,False,False
1325,False,True,True
1326,False,False,True
1327,False,False,True
1328,False,False,False
1329,False,False,False
1330,False,False,False
1331,False,False,False
1332,False,False,False
1333,False,False,False
1334,True,False,False
1335,False,False,False
1336,False,False,False
1337,False,True,True
1338,False,False,True
1339,False,False,True
1340,False,False,False
1341,False,False,False
1342,False,False,False
1343,False,False,False
1344,False,False,False
1345,False,False,False
1346,False,False,False
1347,False,False,False
1348,False,False,False
1349,False,False,False
1350,False,False,False
1351,False,False,False
1352,True,False,False
1353,False,False,False
1354,False,False,False
1355,False,True,True
1356,False,False,True
1357,False,False,True
1358,False,False,False
1359,False,False,False
1360,False,False,False
1361,False,False,False
1362,False,False,False
1363,False,False,False
1364,False,False,False
1365,False,False,False
1366,False,False,False
1367,False,False,False
1368,False,False,False
1369,False,False,False
1370,True,False,False
1371,False,False,False
1372,False,False,False
1373,False,True,True
1374,False,False,True
1375,False,False,True
1376,False,False,False
1377,False,False,False
1378,False,False,False
1379,False,False,False
1380,False,False,False
1381,False,False,False
1382,False,False,False
1383,False,False,False
1384,False,False,False
1385,False,False,False
1386,True,False,False
1387,False,False,False
1388,False,True,True
1389,False,False,True
1390,False,False,True
1391,False,False,False
1392,False,False,False
1393,False,False,False
1394,True,False,False
1395,False,True,True
1396,False,False,True
1397,False,False,True
1398,False,False,False
1399,False,False,False
1400,False,False,False
1401,False,False,False
1402,False,False,False
1403,False,False,False
1404,False,False,False
1405,False,False,False
1406,False,False,False
1407,False,False,False
1408,False,False,False
1409,False,False,False
1410,False,False,False
1411,True,False,False
1412,False,False,False
1413,False,True,True
1414,False,False,True
1415,False,False,True
1416,False,False,False
1417,False,False,False
1418,False,False,False
1419,False,False,False
1420,False,False,False
1421,False,False,False
1422,True,False,False
1423,False,False,False
1424,False,False,False
1425,False,True,True
1426,False,False,True
1427,False,False,True
1428,False,False,False
1429,False,False,False
1430,False,False,False
1431,False,False,False
1432,False,False,False
1433,False,False,False
1434,False,False,False
1435,False,False,False
1436,True,False,False
1437,False,True,True
1438,False,False,True
1439,False,False,True
1440,True,False,False
1441,False,False,False
1442,False,True,True
1443,False,False,True
1444,False,False,True
1445,False,False,False
1446,False,False,False
1447,True,False,False
1448,False,False,False
1449,False,False,False
1450,False,True,True
1451,False,False,True
1452,False,False,True
1453,False,False,False
1454,False,False,False
1455,False,False,False
1456,False,False,False
1457,False,False,False
1458,False,False,False
1459,False,False,False
1460,False,False,False
1461,False,False,False
1462,False,False,False
1463,False,False,False
1464,False,False,False
1465,True,False,False
1466,False,False,False
1467,False,False,False
1468,False,True,True
1469,False,False,True
1470,False,False,True
1471,False,False,False
1472,False,False,False
1473,False,False,False
1474,False,False,False
1475,False,False,False
1476,False,False,False
1477,False,False,False
1478,False,False,False
1479,False,False,False
1480,False,False,False
1481,False,False,False
1482,False,False,False
1483,False,False,False
1484,True,False,False
1485,False,False,False
1486,False,True,True
1487,False,False,True
1488,False,False,True
1489,False,False,False
1490,False,False,False
1491,False,False,False
1492,False,False,False
1493,False,False,False
1494,True,False,False
1495,False,True,True
1496,False,False,True
1497,False,False,True
1498,True,False,False
1499,False,True,True
1500,False,False,True
1501,False,False,True
1502,False,False,False
1503,False,False,False
1504,False,False,False
1505,True,False,False
1506,False,True,True
1507,False,False,True
1508,False,False,True
1509,False,False,False
1510,True,False,False
1511,False,False,False
1512,False,False,False
1513,False,True,True
1514,False,False,True
1515,False,False,True
1516,False,False,False
1517,False,False,False
1518,False,False,False
1519,False,False,False
1520,False,False,False
1521,False,False,False
1522,False,False,False
1523,True,False,False
1524,False,False,False
1525,False,True,True
1526,False,False,True
1527,False,False,True
1528,True,False,False
1529,False,True,True
1530,False,False,True
1531,False,False,True
1532,False,False,False
1533,False,False,False
1534,False,False,False
1535,False,False,False
1536,False,False,False
1537,True,False,False
1538,False,False,False
1539,False,False,False
1540,False,True,True
1541,False,False,True
1542,False,False,True
1543,False,False,False
1544,False,False,False
1545,False,False,False
1546,False,False,False
1547,False,False,False
1548,True,False,False
1549,False,True,True
1550,False,False,True
1551,False,False,True
1552,False,False,False
1553,True,False,False
1554,False,False,False
1555,False,True,True
1556,False,False,True
1557,False,False,True
1558,False,False,False
1559,False,False,False
1560,False,False,False
1561,False,False,False
1562,False,False,False
1563,False,False,False
1564,False,False,False
1565,True,False,False
1566,False,True,True
1567,False,False,True
1568,False,False,True
1569,True,False,False
1570,False,False,False
1571,False,True,True
1572,False,False,True
1573,False,False,True
1574,True,False,False
1575,False,False,False
1576,False,True,True
1577,False,False,True
1578,False,False,True
1579,True,False,False
1580,False,True,True
1581,False,False,True
1582,False,False,True
1583,True,False,False
1584,False,True,True
1585,False,False,True
1586,False,False,True
1587,True,False,False
1588,False,True,True
1589,False,False,True
1590,False,False,True
1591,True,False,False
1592,False,False,False
1593,False,False,False
1594,False,True,True
1595,False,False,True
1596,False,False,True
1597,False,False,False
1598,False,False,False
1599,False,False,False
1600,True,False,False
1601,False,True,True
1602,False,False,True
1603,False,False,True
1604,True,False,False
1605,False,True,True
1606,False,False,True
1607,False,False,True
1608,True,False,False
1609,False,False,False
1610,False,False,False
1611,False,True,True
1612,False,False,True
1613,False,False,True
1614,False,False,False
1615,False,False,False
1616,False,False,False
1617,False,False,False
1618,False,False,False
1619,False,False,False
1620,True,False,False
1621,False,False,False
1622,False,False,False
1623,False,True,True
1624,False,False,True
1625,False,False,True
1626,True,False,False
1627,False,False,False
1628,False,False,False
1629,False,True,True
1630,False,False,True
1631,False,False,True
1632,False,False,False
1633,False,False,False
1634,False,False,False
1635,False,False,False
1636,True,False,False
1637,False,False,False
1638,False,False,False
1639,False,True,True
1640,False,False,True
1641,False,False,True
1642,False,False,False
1643,False,False,False
1644,False,False,False
1645,False,False,False
1646,False,False,False
1647,False,False,False
1648,True,False,False
1649,False,False,False
1650,False,False,False
1651,False,True,True
1652,False,False,True
1653,False,False,True
1654,True,False,False
1655,False,True,True
1656,False,False,True
1657,False,False,True
1658,True,False,False
1659,False,True,True
1660,False,False,True
1661,False,False,True
1662,True,False,False
1663,False,True,True
1664,False,False,True
1665,False,False,True
1666,False,False,False
1667,False,False,False
1668,False,False,False
1669,False,False,False
1670,False,False,False
1671,False,False,False
1672,False,False,False
1673,True,False,False
1674,False,False,False
1675,False,False,False
1676,False,True,True
1677,False,False,True
1678,False,False,True
1679,False,False,False
1680,False,False,False
1681,False,False,False
1682,True,False,False
1683,False,True,True
1684,False,False,True
1685,False,False,True
1686,False,False,False
1687,False,False,False
1688,False,False,False
1689,False,False,False
1690,False,False,False
1691,False,False,False
1692,False,False,False
1693,False,False,False
1694,False,False,False
1695,True,False,False
1696,False,False,False
1697,False,False,False
1698,False,True,True
1699,False,False,True
1700,False,False,True
1701,True,False,False
1702,False,False,False
1703,False,False,False
1704,False,True,True
1705,False,False,True
1706,False,False,True
1707,True,False,False
1708,False,True,True
1709,False,False,True
1710,False,False,True
1711,True,False,False
1712,False,False,False
1713,False,True,True
1714,False,False,True
1715,False,False,True
1716,True,False,False
1717,False,True,True
1718,False,False,True
1719,False,False,True
1720,False,False,False
1721,False,False,False
1722,False,False,False
1723,False,False,False
1724,False,False,False
1725,True,False,False
1726,False,False,False
1727,False,True,True
1728,False,False,True
1729,False,False,True
1730,False,False,False
1731,False,False,False
1732,False,False,False
1733,False,False,False
1734,False,False,False
1735,True,False,False
1736,False,True,True
1737,False,False,True
1738,False,False,True
1739,False,False,False
1740,False,False,False
1741,False,False,False
1742,False,False,False
1743,False,False,False
1744,False,False,False
1745,False,False,False
1746,False,False,False
1747,False,False,False
1748,False,False,False
1749,False,False,False
1750,False,False,False
1751,False,False,False
1752,True,False,False
1753,False,True,True
1754,False,False,True
1755,False,False,True
1756,False,False,False
1757,False,False,False
1758,False,False,False
1759,False,False,False
1760,False,False,False
1761,False,False,False
1762,False,False,False
1763,False,False,False
1764,False,False,False
1765,False,False,False
1766,False,False,False
1767,True,False,False
1768,False,False,False
1769,False,False,False
1770,False,True,True
1771,False,False,True
1772,False,False,True
1773,True,False,False
1774,False,True,True
1775,False,False,True
1776,False,False,True
1777,False,False,False
1778,False,False,False
1779,False,False,False
1780,False,False,False
1781,False,False,False
1782,False,False,False
1783,False,False,False
1784,False,False,False
1785,False,False,False
1786,False,False,False
1787,False,False,False
1788,True,False,False
1789,False,True,True
1790,False,False,True
1791,False,False,True
1792,False,False,False
1793,False,False,False
1794,False,False,False
1795,True,False,False
1796,False,True,True
1797,False,False,True
1798,False,False,True
1799,False,False,False
1800,False,False,False
1801,False,False,False
1802,True,False,False
1803,False,False,False
1804,False,False,False
1805,False,True,True
1806,False,False,True
1807,False,False,True
1808,False,False,False
1809,False,False,False
1810,False,False,False
1811,False,False,False
1812,False,False,False
1813,False,False,False
1814,False,False,False
1815,False,False,False
1816,True,False,False
1817,False,True,True
1818,False,False,True
1819,False,False,True
1820,False,False,False
1821,False,False,False
1822,False,False,False
1823,False,False,False
1824,True,False,False
1825,False,False,False
1826,False,True,True
1827,False,False,True
1828,False,False,True
1829,False,False,False
1830,False,False,False
1831,False,False,False
1832,False,False,False
1833,False,False,False
1834,False,False,False
1835,False,False,False
1836,False,False,False
1837,False,False,False
1838,False,False,False
1839,False,False,False
1840,False,False,False
1841,True,False,False
1842,False,True,True
1843,False,False,True
1844,False,False,True
1845,True,False,False
1846,False,False,False
1847,False,False,False
1848,False,True,True
1849,False,False,True
1850,False,False,True
1851,False,False,False
1852,False,False,False
1853,False,False,False
1854,False,False,False
1855,False,False,False
1856,False,False,False
1857,False,False,False
1858,False,False,False
1859,False,False,False
1860,False,False,False
1861,False,False,False
1862,False,False,False
1863,False,False,False
1864,True,False,False
1865,False,True,True
1866,False,False,True
1867,False,False,True
1868,False,False,False
1869,False,False,False
1870,False,False,False
1871,False,False,False
1872,False,False,False
1873,False,False,False
1874,False,False,False
1875,False,False,False
1876,False,False,False
1877,False,False,False
1878,False,False,False
1879,False,False,False
1880,False,False,False
1881,True,False,False
1882,False,False,False
1883,False,False,False
1884,False,True,True
1885,False,False,True
1886,False,False,True
1887,False,False,False
1888,False,False,False
1889,False,False,False
1890,False,False,False
1891,False,False,False
1892,False,False,False
1893,False,False,False
1894,False,False,False
1895,False,False,False
1896,False,False,False
1897,False,False,False
1898,False,False,False
1899,False,False,False
1900,False,False,False
1901,True,False,False
1902,False,True,True
1903,False,False,True
1904,False,False,True
1905,False,False,False
1906,False,False,False
1907,False,False,False
1908,False,False,False
1909,False,False,False
1910,False,False,False
1911,False,False,False
1912,False,False,False
1913,False,False,False
1914,False,False,False
1915,False,False,False
1916,False,False,False
1917,False,False,False
1918,False,False,False
1919,False,False,False
1920,False,False,False
1921,True,False,False
1922,False,False,False
1923,False,False,False
1924,False,True,True
1925,False,False,True
1926,False,False,True
1927,False,False,False
1928,False,False,False
1929,False,False,False
1930,False,False,False
1931,False,False,False
1932,False,False,False
1933,False,False,False
1934,False,False,False
1935,False,False,False
1936,True,False,False
1937,False,False,False
1938,False,True,True
1939,False,False,True
1940,False,False,True
1941,False,False,False
1942,False,False,False
1943,False,False,False
1944,False,False,False
1945,False,False,False
1946,False,False,False
1947,False,False,False
1948,False,False,False
1949,False,False,False
1950,False,False,False
1951,False,False,False
1952,False,False,False
1953,False,False,False
1954,True,False,False
1955,False,False,False
1956,False,False,False
1957,False,True,True
1958,False,False,True
1959,False,False,True
1960,False,False,False
1961,False,False,False
1962,False,False,False
1963,False,False,False
1964,False,False,False
1965,False,False,False
1966,False,False,False
1967,False,False,False
1968,True,False,False
1969,False,True,True
1970,False,False,True
1971,False,False,True
1972,False,False,False
1973,True,False,False
1974,False,False,False
1975,False,True,True
1976,False,False,True
1977,False,False,True
1978,True,False,False
1979,False,True,True
1980,False,False,True
1981,False,False,True
1982,False,False,False
1983,False,False,False
1984,True,False,False
1985,False,True,True
1986,False,False,True
1987,False,False,True
1988,False,False,False
1989,False,False,False
1990,False,False,False
1991,True,False,False
1992,False,True,True
1993,False,False,True
1994,False,False,True
1995,False,False,False
1996,False,False,False
1997,False,False,False
1998,False,False,False
1999,False,False,False
2000,False,False,False
2001,False,False,False
2002,False,False,False
2003,False,False,False
2004,False,False,False
2005,False,False,False
2006,True,False,False
2007,False,False,False
2008,False,False,False
2009,False,True,True
2010,False,False,True
2011,False,False,True
2012,False,False,False
2013,False,False,False
2014,False,False,False
2015,False,False,False
2016,False,False,False
2017,False,False,False
2018,False,False,False
2019,False,False,False
2020,False,False,False
2021,False,False,False
2022,False,False,False
2023,False,False,False
2024,False,False,False
2025,False,False,False
2026,True,False,False
2027,False,False,False
2028,False,True,True
2029,False,False,True
2030,False,False,True
2031,False,False,False
2032,False,False,False
2033,False,False,False
2034,False,False,False
2035,False,False,False
2036,False,False,False
2037,False,False,False
2038,False,False,False
2039,True,False,False
2040,False,False,False
2041,False,True,True
2042,False,False,True
2043,False,False,True
2044,True,False,False
2045,False,False,False
2046,False,True,True
2047,False,False,True
2048,False,False,True
2049,False,False,False
2050,False,False,False
2051,True,False,False
2052,False,True,True
2053,False,False,True
2054,False,False,True
2055,False,False,False
2056,False,False,False
2057,False,False,False
2058,False,False,False
2059,False,False,False
2060,False,False,False
2061,False,False,False
2062,False,False,False
2063,False,False,False
2064,False,False,False
2065,False,False,False
2066,False,False,False
2067,False,False,False
2068,True,False,False
2069,False,True,True
2070,False,False,True
2071,False,False,True
2072,False,False,False
2073,False,False,False
2074,False,False,False
2075,False,False,False
2076,False,False,False
2077,False,False,False
2078,False,False,False
2079,False,False,False
2080,False,False,False
2081,False,False,False
2082,False,False,False
2083,True,False,False
2084,False,False,False
2085,False,False,False
2086,False,True,True
2087,False,False,True
2088,False,False,True
2089,False,False,False
2090,False,False,False
2091,False,False,False
2092,False,False,False
2093,False,False,False
2094,False,False,False
2095,True,False,False
2096,False,False,False
2097,False,True,True
2098,False,False,True
2099,False,False,True
2100,False,False,False
2101,True,False,False
2102,False,True,True
2103,False,False,True
2104,False,False,True
2105,True,False,False
2106,False,False,False
2107,False,False,False
2108,False,True,True
2109,False,False,True
2110,False,False,True
2111,False,False,False
2112,False,False,False
2113,False,False,False
2114,False,False,False
2115,True,False,False
2116,False,True,True
2117,False,False,True
2118,False,False,True
2119,True,False,False
2120,False,False,False
2121,False,False,False
2122,False,True,True
2123,False,False,True
2124,False,False,True
2125,True,False,False
2126,False,False,False
2127,False,True,True
2128,False,False,True
2129,False,False,True
2130,False,False,False
2131,False,False,False
2132,False,False,False
2133,False,False,False
2134,False,False,False
2135,False,False,False
2136,False,False,False
2137,False,False,False
2138,False,False,False
2139,True,False,False
2140,False,True,True
2141,False,False,True
2142,False,False,True
2143,False,False,False
2144,False,False,False
2145,False,False,False
2146,False,False,False
2147,False,False,False
2148,False,False,False
2149,False,False,False
2150,False,False,False
2151,False,False,False
2152,False,False,False
2153,False,False,False
2154,False,False,False
2155,True,False,False
2156,False,False,False
2157,False,True,True
2158,False,False,True
2159,False,False,True
2160,False,False,False
2161,False,False,False
2162,False,False,False
2163,False,False,False
2164,False,False,False
2165,False,False,False
2166,False,False,False
2167,False,False,False
2168,False,False,False
2169,False,False,False
2170,True,False,False
2171,False,False,False
2172,False,True,True
2173,False,False,True
2174,False,False,True
2175,False,False,False
2176,False,False,False
2177,False,False,False
2178,False,False,False
2179,False,False,False
2180,False,False,False
2181,False,False,False
2182,False,False,False
2183,False,False,False
2184,False,False,False
2185,False,False,False
2186,True,False,False
2187,False,False,False
2188,False,False,False
2189,False,True,True
2190,False,False,True
2191,False,False,True
2192,False,False,False
2193,False,False,False
2194,False,False,False
2195,False,False,False
2196,True,False,False
2197,False,False,False
2198,False,True,True
2199,False,False,True
2200,False,False,True
2201,False,False,False
2202,False,False,False
2203,False,False,False
2204,False,False,False
2205,False,False,False
2206,True,False,False
2207,False,False,False
2208,False,False,False
2209,False,True,True
2210,False,False,True
2211,False,False,True
2212,True,False,False
2213,False,True,True
2214,False,False,True
2215,False,False,True
2216,False,False,False
2217,False,False,False
2218,False,False,False
2219,False,False,False
2220,False,False,False
2221,False,False,False
2222,False,False,False
2223,True,False,False
2224,False,False,False
2225,False,False,False
2226,False,True,True
2227,False,False,True
2228,False,False,True
2229,False,False,False
2230,False,False,False
2231,False,False,False
2232,False,False,False
2233,False,False,False
2234,False,False,False
2235,True,False,False
2236,False,False,False
2237,False,False,False
2238,False,True,True
2239,False,False,True
2240,False,False,True
2241,False,False,False
2242,False,False,False
2243,False,False,False
2244,False,False,False
2245,False,False,False
2246,False,False,False
2247,False,False,False
2248,False,False,False
2249,False,False,False
2250,False,False,False
2251,False,False,False
2252,False,False,False
2253,False,False,False
2254,False,False,False
2255,True,False,False
2256,False,True,True
2257,False,False,True
2258,False,False,True
2259,True,False,False
2260,False,True,True
2261,False,False,True
2262,False,False,True
2263,False,False,False
2264,False,False,False
2265,False,False,False
2266,False,False,False
2267,False,False,False
2268,False,False,False
2269,False,False,False
2270,False,False,False
2271,False,False,False
2272,False,False,False
2273,True,False,False
2274,False,False,False
2275,False,False,False
2276,False,True,True
2277,False,False,True
2278,False,False,True
2279,False,False,False
2280,True,False,False
2281,False,True,True
2282,False,False,True
2283,False,False,True
2284,False,False,False
2285,False,False,False
2286,False,False,False
2287,False,False,False
2288,False,False,False
2289,False,False,False
2290,False,False,False
2291,False,False,False
2292,False,False,False
2293,False,False,False
2294,False,False,False
2295,False,False,False
2296,False,False,False
2297,True,False,False
2298,False,True,True
2299,False,False,True
2300,False,False,True
2301,False,False,False
2302,False,False,False
2303,False,False,False
2304,False,False,False
2305,False,False,False
2306,False,False,False
2307,False,False,False
2308,False,False,False
2309,False,False,False
2310,False,False,False
2311,False,False,False
2312,False,False,False
2313,True,False,False
2314,False,False,False
2315,False,True,True
2316,False,False,True
2317,False,False,True
2318,True,False,False
2319,False,False,False
2320,False,False,False
2321,False,True,True
2322,False,False,True
2323,False,False,True
2324,True,False,False
2325,False,False,False
2326,False,True,True
2327,False,False,True
2328,False,False,True
2329,True,False,False
2330,False,True,True
2331,False,False,True
2332,False,False,True
2333,False,False,False
2334,False,False,False
2335,False,False,False
2336,True,False,False
2337,False,False,False
2338,False,False,False
2339,False,True,True
2340,False,False,True
2341,False,False,True
2342,False,False,False
2343,False,False,False
2344,True,False,False
2345,False,False,False
2346,False,True,True
2347,False,False,True
2348,False,False,True
2349,False,False,False
2350,False,False,False
2351,False,False,False
2352,False,False,False
2353,False,False,False
2354,False,False,False
2355,False,False,False
2356,False,False,False
2357,False,False,False
2358,False,False,False
2359,False,False,False
2360,False,False,False
2361,False,False,False
2362,False,False,False
2363,False,False,False
2364,True,False,False
2365,False,False,False
2366,False,False,False
2367,False,True,True
2368,False,False,True
2369,False,False,True
2370,True,False,False
2371,False,True,True
2372,False,False,True
2373,False,False,True
2374,False,False,False
2375,False,False,False
2376,False,False,False
2377,False,False,False
2378,False,False,False
2379,False,False,False
2380,False,False,False
2381,False,False,False
2382,False,False,False
2383,False,False,False
2384,False,False,False
2385,True,False,False
2386,False,True,True
2387,False,False,True
2388,False,False,True
2389,True,False,False
2390,False,False,False
2391,False,True,True
2392,False,False,True
2393,False,False,True
2394,False,False,False
2395,False,False,False
2396,False,False,False
2397,True,False,False
2398,False,False,False
2399,False,False,False
2400,False,True,True
2401,False,False,True
2402,False,False,True
2403,True,False,False
2404,False,False,False
2405,False,True,True
2406,False,False,True
2407,False,False,True
2408,False,False,False
2409,False,False,False
2410,False,False,False
2411,False,False,False
2412,False,False,False
2413,False,False,False
2414,False,False,False
2415,False,False,False
2416,False,False,False
2417,False,False,False
2418,True,False,False
2419,False,False,False
2420,False,False,False
2421,False,True,True
2422,False,False,True
2423,False,False,True
2424,False,False,False
2425,False,False,False
2426,False,False,False
2427,False,False,False
2428,False,False,False
2429,False,False,False
2430,False,False,False
2431,False,False,False
2432,False,False,False
2433,False,False,False
2434,False,False,False
2435,False,False,False
2436,False,False,False
2437,False,False,False
2438,True,False,False
2439,False,False,False
2440,False,False,False
2441,False,True,True
2442,False,False,True
2443,False,False,True
2444,False,False,False
2445,False,False,False
2446,False,False,False
2447,True,False,False
2448,False,False,False
2449,False,True,True
2450,False,False,True
2451,False,False,True
2452,False,False,False
2453,False,False,False
2454,False,False,False
2455,False,False,False
2456,False,False,False
2457,False,False,False
2458,False,False,False
2459,False,False,False
2460,False,False,False
2461,True,False,False
2462,False,False,False
2463,False,False,False
2464,False,True,True
2465,False,False,True
2466,False,False,True
2467,True,False,False
2468,False,False,False
2469,False,True,True
2470,False,False,True
2471,False,False,True
2472,False,False,False
2473,False,False,False
2474,False,False,False
2475,False,False,False
2476,False,False,False
2477,False,False,False
2478,False,False,False
2479,False,False,False
2480,True,False,False
2481,False,False,False
2482,False,True,True
2483,False,False,True
2484,False,False,True
2485,True,False,False
2486,False,False,False
2487,False,False,False
2488,False,True,True
2489,False,False,True
2490,False,False,True
2491,True,False,False
2492,False,False,False
2493,False,True,True
2494,False,False,True
2495,False,False,True
2496,False,False,False
2497,False,False,False
2498,False,False,False
2499,False,False,False
2500,False,False,False
2501,True,False,False
2502,False,True,True
2503,False,False,True
2504,False,False,True
2505,False,False,False
2506,False,False,False
2507,False,False,False
2508,False,False,False
2509,False,False,False
2510,True,False,False
2511,False,False,False
2512,False,False,False
2513,False,True,True
2514,False,False,True
2515,False,False,True
2516,False,False,False
2517,False,False,False
2518,True,False,False
2519,False,False,False
2520,False,False,False
2521,False,True,True
2522,False,False,True
2523,False,False,True
2524,False,False,False
2525,False,False,False
2526,False,False,False
2527,False,False,False
2528,True,False,False
2529,False,True,True
2530,False,False,True
2531,False,False,True
2532,False,False,False
2533,False,False,False
2534,False,False,False
2535,True,False,False
2536,False,False,False
2537,False,True,True
2538,False,False,True
2539,False,False,True
2540,False,False,False
2541,False,False,False
2542,False,False,False
2543,False,False,False
2544,False,False,False
2545,False,False,False
2546,False,False,False
2547,True,False,False
2548,False,False,False
2549,False,False,False
2550,False,True,True
2551,False,False,True
2552,False,False,True
2553,False,False,False
2554,False,False,False
2555,False,False,False
2556,False,False,False
2557,False,False,False
2558,False,False,False
2559,False,False,False
2560,False,False,False
2561,False,False,False
2562,False,False,False
2563,False,False,False
2564,False,False,False
2565,False,False,False
2566,True,False,False
2567,False,True,True
2568,False,False,True
2569,False,False,True
2570,False,False,False
2571,False,False,False
2572,False,False,False
2573,False,False,False
2574,False,False,False
2575,False,False,False
2576,False,False,False
2577,False,False,False
2578,False,False,False
2579,False,False,False
2580,False,False,False
2581,False,False,False
2582,False,False,False
2583,False,False,False
2584,True,False,False
2585,False,False,False
2586,False,True,True
2587,False,False,True
2588,False,False,True
2589,True,False,False
2590,False,False,False
2591,False,False,False
2592,False,True,True
2593,False,False,True
2594,False,False,True
2595,True,False,False
2596,False,True,True
2597,False,False,True
2598,False,False,True
2599,True,False,False
2600,False,False,False
2601,False,False,False
2602,False,True,True
2603,False,False,True
2604,False,False,True
2605,False,False,False
2606,False,False,False
2607,False,False,False
2608,False,False,False
2609,False,False,False
2610,False,False,False
2611,False,False,False
2612,True,False,False
2613,False,False,False
2614,False,True,True
2615,False,False,True
2616,False,False,True
2617,False,False,False
2618,False,False,False
2619,False,False,False
2620,False,False,False
2621,False,False,False
2622,False,False,False
2623,False,False,False
2624,False,False,False
2625,False,False,False
2626,False,False,False
2627,True,False,False
2628,False,True,True
2629,False,False,True
2630,False,False,True
2631,False,False,False
2632,False,False,False
2633,False,False,False
2634,True,False,False
2635,False,True,True
2636,False,False,True
2637,False,False,True
2638,False,False,False
2639,False,False,False
2640,False,False,False
2641,False,False,False
2642,False,False,False
2643,False,False,False
2644,False,False,False
2645,False,False,False
2646,True,False,False
2647,False,False,False
2648,False,True,True
2649,False,False,True
2650,False,False,True
2651,False,False,False
2652,False,False,False
2653,False,False,False
2654,False,False,False
2655,False,False,False
2656,False,False,False
2657,False,False,False
2658,False,False,False
2659,False,False,False
2660,False,False,False
2661,False,False,False
2662,True,False,False
2663,False,False,False
2664,False,True,True
2665,False,False,True
2666,False,False,True
2667,True,False,False
2668,False,False,False
2669,False,False,False
2670,False,True,True
2671,False,False,True
2672,False,False,True
2673,False,False,False
2674,False,False,False
2675,False,False,False
2676,False,False,False
2677,False,False,False
2678,False,False,False
2679,False,False,False
2680,True,False,False
2681,False,False,False
2682,False,True,True
2683,False,False,True
2684,False,False,True
2685,False,False,False
2686,False,False,False
2687,False,False,False
2688,False,False,False
2689,False,False,False
2690,False,False,False
2691,False,False,False
2692,False,False,False
2693,False,False,False
2694,False,False,False
2695,False,False,False
2696,False,False,False
2697,False,False,False
2698,False,False,False
2699,False,False,False
2700,True,False,False
2701,False,False,False
2702,False,False,False
2703,False,True,True
2704,False,False,True
2705,False,False,True
2706,False,False,False
2707,False,False,False
2708,False,False,False
2709,False,False,False
2710,False,False,False
2711,False,False,False
2712,False,False,False
2713,True,False,False
2714,False,False,False
2715,False,True,True
2716,False,False,True
2717,False,False,True
2718,False,False,False
2719,False,False,False
2720,False,False,False
2721,True,False,False
2722,False,False,False
2723,False,False,False
2724,False,True,True
2725,False,False,True
2726,False,False,True
2727,False,False,False
2728,False,False,False
2729,False,False,False
2730,False,False,False
2731,False,False,False
2732,False,False,False
2733,True,False,False
2734,False,False,False
2735,False,False,False
2736,False,True,True
2737,False,False,True
2738,False,False,True
2739,True,False,False
2740,False,False,False
2741,False,False,False
2742,False,True,True
2743,False,False,True
2744,False,False,True
2745,True,False,False
2746,False,True,True
2747,False,False,True
2748,False,False,True
2749,False,False,False
2750,False,False,False
2751,False,False,False
2752,False,False,False
2753,True,False,False
2754,False,False,False
2755,False,False,False
2756,False,True,True
2757,False,False,True
2758,False,False,True
2759,True,False,False
2760,False,False,False
2761,False,True,True
2762,False,False,True
2763,False,False,True
2764,False,False,False
2765,False,False,False
2766,False,False,False
2767,False,False,False
2768,False,False,False
2769,False,False,False
2770,False,False,False
2771,False,False,False
2772,False,False,False
2773,False,False,False
2774,False,False,False
2775,False,False,False
2776,False,False,False
2777,False,False,False
2778,False,False,False
2779,True,False,False
2780,False,False,False
2781,False,True,True
2782,False,False,True
2783,False,False,True
2784,True,False,False
2785,False,False,False
2786,False,False,False
2787,False,True,True
2788,False,False,True
2789,False,False,True
2790,True,False,False
2791,False,False,False
2792,False,True,True
2793,False,False,True
2794,False,False,True
2795,False,False,False
2796,False,False,False
2797,False,False,False
2798,False,False,False
2799,False,False,False
2800,False,False,False
2801,False,False,False
2802,True,False,False
2803,False,False,False
2804,False,False,False
2805,False,True,True
2806,False,False,True
2807,False,False,True
2808,False,False,False
2809,False,False,False
2810,False,False,False
2811,False,False,False
2812,False,False,False
2813,False,False,False
2814,False,False,False
2815,False,False,False
2816,True,False,False
2817,False,True,True
2818,False,False,True
2819,False,False,True
2820,True,False,False
2821,False,True,True
2822,False,False,True
2823,False,False,True
2824,True,False,False
2825,False,False,False
2826,False,False,False
2827,False,True,True
2828,False,False,True
2829,False,False,True
2830,True,False,False
2831,False,True,True
2832,False,False,True
2833,False,False,True
2834,False,False,False
2835,False,False,False
2836,True,False,False
2837,False,False,False
2838,False,False,False
2839,False,True,True
2840,False,False,True
2841,False,False,True
2842,False,False,False
2843,False,False,False
2844,False,False,False
2845,False,False,False
2846,False,False,False
2847,False,False,False
2848,False,False,False
2849,True,False,False
2850,False,False,False
2851,False,True,True
2852,False,False,True
2853,False,False,True
2854,False,False,False
2855,False,False,False
2856,False,False,False
2857,False,False,False
2858,False,False,False
2859,False,False,False
2860,False,False,False
2861,False,False,False
2862,False,False,False
2863,True,False,False
2864,False,True,True
2865,False,False,True
2866,False,False,True
2867,False,False,False
2868,False,False,False
2869,False,False,False
2870,False,False,False
2871,False,False,False
2872,False,False,False
2873,False,False,False
2874,False,False,False
2875,False,False,False
2876,False,False,False
2877,False,False,False
2878,False,False,False
2879,False,False,False
2880,True,False,False
2881,False,True,True
2882,False,False,True
2883,False,False,True
2884,True,False,False
2885,False,True,True
2886,False,False,True
2887,False,False,True
2888,False,False,False
2889,False,False,False
2890,False,False,False
2891,False,False,False
2892,False,False,False
2893,False,False,False
2894,False,False,False
2895,False,False,False
2896,True,False,False
2897,False,False,False
2898,False,False,False
2899,False,True,True
2900,False,False,True
2901,False,False,True
2902,False,False,False
2903,False,False,False
2904,True,False,False
2905,False,False,False
2906,False,True,True
2907,False,False,True
2908,False,False,True
2909,False,False,False
2910,False,False,False
2911,False,False,False
2912,False,False,False
2913,False,False,False
2914,False,False,False
2915,False,False,False
2916,False,False,False
2917,False,False,False
2918,False,False,False
2919,False,False,False
2920,False,False,False
2921,False,False,False
2922,True,False,False
2923,False,False,False
2924,False,True,True
2925,False,False,True
2926,False,False,True
2927,True,False,False
2928,False,False,False
2929,False,False,False
2930,False,True,True
2931,False,False,True
2932,False,False,True
2933,False,False,False
2934,False,False,False
2935,False,False,False
2936,False,False,False
2937,False,False,False
2938,False,False,False
2939,True,False,False
2940,False,False,False
2941,False,False,False
2942,False,True,True
2943,False,False,True
2944,False,False,True
2945,False,False,False
2946,False,False,False
2947,False,False,False
2948,False,False,False
2949,False,False,False
2950,False,False,False
2951,False,False,False
2952,False,False,False
2953,False,False,False
2954,True,False,False
2955,False,False,False
2956,False,False,False
2957,False,True,True
2958,False,False,True
2959,False,False,True
2960,False,False,False
2961,False,False,False
2962,False,False,False
2963,False,False,False
2964,False,False,False
2965,False,False,False
2966,False,False,False
2967,False,False,False
2968,False,False,False
2969,False,False,False
2970,False,False,False
2971,True,False,False
2972,False,False,False
2973,False,True,True
2974,False,False,True
2975,False,False,True
2976,False,False,False
2977,False,False,False
2978,False,False,False
2979,False,False,False
2980,False,False,False
2981,False,False,False
2982,False,False,False
2983,False,False,False
2984,False,False,False
2985,False,False,False
2986,False,False,False
2987,False,False,False
2988,False,False,False
2989,True,False,False
2990,False,True,True
2991,False,False,True
2992,False,False,True
2993,True,False,False
2994,False,False,False
2995,False,True,True
2996,False,False,True
2997,False,False,True
2998,True,False,False
2999,False,False,False
3000,False,False,False
3001,False,True,True
3002,False,False,True
3003,False,False,True
3004,False,False,False
3005,False,False,False
3006,False,False,False
3007,True,False,False
3008,False,False,False
3009,False,False,False
3010,False,True,True
3011,False,False,True
3012,False,False,True
3013,False,False,False
3014,False,False,False
3015,False,False,False
3016,False,False,False
3017,False,False,False
3018,False,False,False
3019,False,False,False
3020,False,False,False
3021,False,False,False
3022,False,False,False
3023,False,False,False
3024,False,False,False
3025,True,False,False
3026,False,False,False
3027,False,True,True
3028,False,False,True
3029,False,False,True
3030,False,False,False
3031,True,False,False
3032,False,False,False
3033,False,False,False
3034,False,True,True
3035,False,False,True
3036,False,False,True
3037,False,False,False
3038,False,False,False
3039,False,False,False
3040,False,False,False
3041,False,False,False
3042,False,False,False
3043,False,False,False
3044,False,False,False
3045,False,False,False
3046,False,False,False
3047,False,False,False
3048,False,False,False
3049,False,False,False
3050,False,False,False
3051,True,False,False
3052,False,False,False
3053,False,False,False
3054,False,True,True
3055,False,False,True
3056,False,False,True
3057,True,False,False
3058,False,True,True
3059,False,False,True
3060,False,False,True
3061,False,False,False
3062,False,False,False
3063,False,False,False
3064,False,False,False
3065,False,False,False
3066,False,False,False
3067,False,False,False
3068,False,False,False
3069,False,False,False
3070,False,False,False
3071,True,False,False
3072,False,True,True
3073,False,False,True
3074,False,False,True
3075,False,False,False
3076,False,False,False
3077,False,False,False
3078,False,False,False
3079,False,False,False
3080,False,False,False
3081,False,False,False
3082,False,False,False
3083,False,False,False
3084,False,False,False
3085,False,False,False
3086,False,False,False
3087,True,False,False
3088,False,False,False
3089,False,True,True
3090,False,False,True
3091,False,False,True
3092,False,False,False
3093,True,False,False
3094,False,True,True
3095,False,False,True
3096,False,False,True
3097,False,False,False
3098,False,False,False
3099,False,False,False
3100,False,False,False
3101,False,False,False
3102,False,False,False
3103,False,False,False
3104,False,False,False
3105,False,False,False
3106,False,False,False
3107,False,False,False
3108,False,False,False
3109,False,False,False
3110,False,False,False
3111,False,False,False
3112,True,False,False
3113,False,False,False
3114,False,True,True
3115,False,False,True
3116,False,False,True
3117,True,False,False
3118,False,False,False
3119,False,False,False
3120,False,True,True
3121,False,False,True
3122,False,False,True
3123,False,False,False
3124,False,False,False
3125,False,False,False
3126,False,False,False
3127,True,False,False
3128,False,True,True
3129,False,False,True
3130,False,False,True
3131,False,False,False
3132,False,False,False
3133,False,False,False
3134,True,False,False
3135,False,False,False
3136,False,True,True
3137,False,False,True
3138,False,False,True
3139,False,False,False
3140,False,False,False
3141,False,False,False
3142,False,False,False
3143,False,False,False
3144,False,False,False
3145,False,False,False
3146,False,False,False
3147,False,False,False
3148,False,False,False
3149,False,False,False
3150,True,False,False
3151,False,False,False
3152,False,False,False
3153,False,True,True
3154,False,False,True
3155,False,False,True
3156,True,False,False
3157,False,False,False
3158,False,True,True
3159,False,False,True
3160,False,False,True
3161,False,False,False
3162,True,False,False
3163,False,False,False
3164,False,False,False
3165,False,True,True
3166,False,False,True
3167,False,False,True
3168,True,False,False
3169,False,False,False
3170,False,False,False
3171,False,True,True
3172,False,False,True
3173,False,False,True
3174,True,False,False
3175,False,True,True
3176,False,False,True
3177,False,False,True
3178,False,False,False
3179,False,False,False
3180,False,False,False
3181,False,False,False
3182,False,False,False
3183,False,False,False
3184,False,False,False
3185,False,False,False
3186,False,False,False
3187,False,False,False
3188,False,False,False
3189,False,False,False
3190,True,False,False
3191,False,True,True
3192,False,False,True
3193,False,False,True
3194,False,False,False
3195,False,False,False
3196,False,False,False
3197,False,False,False
3198,False,False,False
3199,False,False,False
3200,True,False,False
3201,False,False,False
3202,False,True,True
3203,False,False,True
3204,False,False,True
3205,False,False,False
3206,False,False,False
3207,False,False,False
3208,False,False,False
3209,False,False,False
3210,False,False,False
3211,False,False,False
3212,False,False,False
3213,False,False,False
3214,False,False,False
3215,False,False,False
3216,False,False,False
3217,False,False,False
3218,False,False,False
3219,True,False,False
3220,False,False,False
3221,False,True,True
3222,False,False,True
3223,False,False,True
3224,False,False,False
3225,False,False,False
3226,False,False,False
3227,False,False,False
3228,False,False,False
3229,False,False,False
3230,False,False,False
3231,False,False,False
3232,False,False,False
3233,True,False,False
3234,False,False,False
3235,False,True,True
3236,False,False,True
3237,False,False,True
3238,False,False,False
3239,False,False,False
3240,False,False,False
3241,False,False,False
3242,False,False,False
3243,False,False,False
3244,False,False,False
3245,False,False,False
3246,False,False,False
3247,False,False,False
3248,False,False,False
3249,False,False,False
3250,False,False,False
3251,False,False,False
3252,False,False,False
3253,True,False,False
3254,False,False,False
3255,False,True,True
3256,False,False,True
3257,False,False,True
3258,False,False,False
3259,False,False,False
3260,False,False,False
3261,False,False,False
3262,False,False,False
3263,False,False,False
3264,False,False,False
3265,False,False,False
3266,False,False,False
3267,False,False,False
3268,False,False,False
3269,False,False,False
3270,False,False,False
3271,False,False,False
3272,True,False,False
3273,False,True,True
3274,False,False,True
3275,False,False,True
3276,False,False,False
3277,False,False,False
3278,False,False,False
3279,False,False,False
3280,False,False,False
3281,False,False,False
3282,False,False,False
3283,False,False,False
3284,False,False,False
3285,False,False,False
3286,False,False,False
3287,False,False,False
3288,True,False,False
3289,False,False,False
3290,False,True,True
3291,False,False,True
3292,False,False,True
3293,False,False,False
3294,False,False,False
3295,False,False,False
3296,False,False,False
3297,False,False,False
3298,False,False,False
3299,False,False,False
3300,False,False,False
3301,True,False,False
3302,False,True,True
3303,False,False,True
3304,False,False,True
3305,True,False,False
3306,False,False,False
3307,False,False,False
3308,False,True,True
3309,False,False,True
3310,False,False,True
3311,True,False,False
3312,False,False,False
3313,False,False,False
3314,False,True,True
3315,False,False,True
3316,False,False,True
3317,False,False,False
3318,True,False,False
3319,False,True,True
3320,False,False,True
3321,False,False,True
3322,False,False,False
3323,False,False,False
3324,False,False,False
3325,False,False,False
3326,False,False,False
3327,False,False,False
3328,False,False,False
3329,False,False,False
3330,False,False,False
3331,False,False,False
3332,False,False,False
3333,False,False,False
3334,False,False,False
3335,False,False,False
3336,False,False,False
3337,True,False,False
3338,False,False,False
3339,False,False,False
3340,False,True,True
3341,False,False,True
3342,False,False,True
3343,False,False,False
3344,False,False,False
3345,False,False,False
3346,False,False,False
3347,False,False,False
3348,False,False,False
3349,False,False,False
3350,False,False,False
3351,False,False,False
3352,True,False,False
3353,False,True,True
3354,False,False,True
3355,False,False,True
3356,False,False,False
3357,False,False,False
3358,False,False,False
3359,False,False,False
3360,False,False,False
3361,False,False,False
3362,False,False,False
3363,False,False,False
3364,True,False,False
3365,False,True,True
3366,False,False,True
3367,False,False,True
3368,True,False,False
3369,False,False,False
3370,False,True,True
3371,False,False,True
3372,False,False,True
3373,False,False,False
3374,False,False,False
3375,False,False,False
3376,False,False,False
3377,False,False,False
3378,False,False,False
3379,False,False,False
3380,False,False,False
3381,False,False,False
3382,False,False,False
3383,False,False,False
3384,False,False,False
3385,False,False,False
3386,True,False,False
3387,False,False,False
3388,False,False,False
3389,False,True,True
3390,False,False,True
3391,False,False,True
3392,False,False,False
3393,False,False,False
3394,False,False,False
3395,False,False,False
3396,False,False,False
3397,False,False,False
3398,False,False,False
3399,False,False,False
3400,False,False,False
3401,False,False,False
3402,False,False,False
3403,True,False,False
3404,False,False,False
3405,False,True,True
3406,False,False,True
3407,False,False,True
3408,False,False,False
3409,False,False,False
3410,False,False,False
3411,False,False,False
3412,False,False,False
3413,False,False,False
3414,False,False,False
3415,False,False,False
3416,False,False,False
3417,False,False,False
3418,False,False,False
3419,False,False,False
3420,False,False,False
3421,False,False,False
3422,True,False,False
3423,False,False,False
3424,False,True,True
3425,False,False,True
3426,False,False,True
3427,False,False,False
3428,False,False,False
3429,False,False,False
3430,False,False,False
3431,False,False,False
3432,False,False,False
3433,False,False,False
3434,False,False,False
3435,False,False,False
3436,False,False,False
3437,True,False,False
3438,False,True,True
3439,False,False,True
3440,False,False,True
3441,False,False,False
3442,False,False,False
3443,False,False,False
3444,False,False,False
3445,False,False,False
3446,False,False,False
3447,False,False,False
3448,True,False,False
3449,False,True,True
3450,False,False,True
3451,False,False,True
3452,False,False,False
3453,False,False,False
3454,False,False,False
3455,False,False,False
3456,False,False,False
3457,False,False,False
3458,True,False,False
3459,False,True,True
3460,False,False,True
3461,False,False,True
3462,False,False,False
3463,False,False,False
3464,False,False,False
3465,False,False,False
3466,False,False,False
3467,False,False,False
3468,False,False,False
3469,False,False,False
3470,False,False,False
3471,False,False,False
3472,False,False,False
3473,False,False,False
3474,False,False,False
3475,False,False,False
3476,True,False,False
3477,False,False,False
3478,False,False,False
3479,False,True,True
3480,False,False,True
3481,False,False,True
3482,True,False,False
3483,False,True,True
3484,False,False,True
3485,False,False,True
3486,False,False,False
3487,False,False,False
3488,False,False,False
3489,False,False,False
3490,False,False,False
3491,False,False,False
3492,False,False,False
3493,False,False,False
3494,False,False,False
3495,False,False,False
3496,True,False,False
3497,False,False,False
3498,False,False,False
3499,False,True,True
3500,False,False,True
3501,False,False,True
3502,False,False,False
3503,False,False,False
3504,False,False,False
3505,False,False,False
3506,False,False,False
3507,False,False,False
3508,False,False,False
3509,False,False,False
3510,False,False,False
3511,False,False,False
3512,True,False,False
3513,False,False,False
3514,False,False,False
3515,False,True,True
3516,False,False,True
3517,False,False,True
3518,False,False,False
3519,False,False,False
3520,False,False,False
3521,False,False,False
3522,True,False,False
3523,False,False,False
3524,False,False,False
3525,False,True,True
3526,False,False,True
3527,False,False,True
3528,False,False,False
3529,True,False,False
3530,False,True,True
3531,False,False,True
3532,False,False,True
3533,False,False,False
3534,False,False,False
3535,False,False,False
3536,False,False,False
3537,False,False,False
3538,False,False,False
3539,False,False,False
3540,False,False,False
3541,False,False,False
3542,True,False,False
3543,False,True,True
3544,False,False,True
3545,False,False,True
3546,False,False,False
3547,False,False,False
3548,False,False,False
3549,False,False,False
3550,False,False,False
3551,False,False,False
3552,False,False,False
3553,False,False,False
3554,False,False,False
3555,False,False,False
3556,True,False,False
3557,False,True,True
3558,False,False,True
3559,False,False,True
3560,False,False,False
3561,False,False,False
3562,False,False,False
3563,False,False,False
3564,False,False,False
3565,False,False,False
3566,False,False,False
3567,False,False,False
3568,False,False,False
3569,False,False,False
3570,False,False,False
3571,False,False,False
3572,True,False,False
3573,False,False,False
3574,False,False,False
3575,False,True,True
3576,False,False,True
3577,False,False,True
3578,False,False,False
3579,False,False,False
3580,False,False,False
3581,False,False,False
3582,True,False,False
3583,False,False,False
3584,False,False,False
3585,False,True,True
3586,False,False,True
3587,False,False,True
3588,True,False,False
3589,False,True,True
3590,False,False,True
3591,False,False,True
3592,True,False,False
3593,False,False,False
3594,False,True,True
3595,False,False,True
3596,False,False,True
3597,False,False,False
3598,False,False,False
3599,False,False,False
3600,False,False,False
3601,False,False,False
3602,True,False,False
